power_id,processor_id,power,application,source
1,529,41.029847,avrora,"Looking Back on the Language and Hardware Revolution: Measured Power, Performance, and Scaling"
2,529,47.544263,batik,"Looking Back on the Language and Hardware Revolution: Measured Power, Performance, and Scaling"
3,529,45.536565,h2,"Looking Back on the Language and Hardware Revolution: Measured Power, Performance, and Scaling"
4,529,44.542478,jython,"Looking Back on the Language and Hardware Revolution: Measured Power, Performance, and Scaling"
5,529,42.122013,pmd,"Looking Back on the Language and Hardware Revolution: Measured Power, Performance, and Scaling"
6,529,43.005276,tradebeans,"Looking Back on the Language and Hardware Revolution: Measured Power, Performance, and Scaling"
7,529,46.211275,pjbb2005,"Looking Back on the Language and Hardware Revolution: Measured Power, Performance, and Scaling"
8,529,48.211822,_227_mtrt,"Looking Back on the Language and Hardware Revolution: Measured Power, Performance, and Scaling"
9,529,43.135969,fop,"Looking Back on the Language and Hardware Revolution: Measured Power, Performance, and Scaling"
10,529,46.492601,luindex,"Looking Back on the Language and Hardware Revolution: Measured Power, Performance, and Scaling"
11,529,46.776193,antlr,"Looking Back on the Language and Hardware Revolution: Measured Power, Performance, and Scaling"
12,529,46.522938,bloat,"Looking Back on the Language and Hardware Revolution: Measured Power, Performance, and Scaling"
13,529,46.902158,_201_compress,"Looking Back on the Language and Hardware Revolution: Measured Power, Performance, and Scaling"
14,529,44.202912,_202_jess,"Looking Back on the Language and Hardware Revolution: Measured Power, Performance, and Scaling"
15,529,46.119781,_209_db,"Looking Back on the Language and Hardware Revolution: Measured Power, Performance, and Scaling"
16,529,42.493118,_213_javac,"Looking Back on the Language and Hardware Revolution: Measured Power, Performance, and Scaling"
17,529,45.607492,_222_mpegaudio,"Looking Back on the Language and Hardware Revolution: Measured Power, Performance, and Scaling"
18,529,44.385704,_228_jack,"Looking Back on the Language and Hardware Revolution: Measured Power, Performance, and Scaling"
19,529,42.854334,eclipse,"Looking Back on the Language and Hardware Revolution: Measured Power, Performance, and Scaling"
20,529,44.994487,lusearch,"Looking Back on the Language and Hardware Revolution: Measured Power, Performance, and Scaling"
21,529,45.767055,sunflow,"Looking Back on the Language and Hardware Revolution: Measured Power, Performance, and Scaling"
22,529,50.040847,tomcat,"Looking Back on the Language and Hardware Revolution: Measured Power, Performance, and Scaling"
23,529,44.680482,xalan,"Looking Back on the Language and Hardware Revolution: Measured Power, Performance, and Scaling"
24,529,43.254263,400.perlbench,"Looking Back on the Language and Hardware Revolution: Measured Power, Performance, and Scaling"
25,529,41.712427,401.bzip2,"Looking Back on the Language and Hardware Revolution: Measured Power, Performance, and Scaling"
26,529,39.413117,403.gcc,"Looking Back on the Language and Hardware Revolution: Measured Power, Performance, and Scaling"
27,529,41.78306,429.mcf,"Looking Back on the Language and Hardware Revolution: Measured Power, Performance, and Scaling"
28,529,39.59543,445.gobmk,"Looking Back on the Language and Hardware Revolution: Measured Power, Performance, and Scaling"
29,529,47.929608,456.hmmer,"Looking Back on the Language and Hardware Revolution: Measured Power, Performance, and Scaling"
30,529,41.00924,458.sjeng,"Looking Back on the Language and Hardware Revolution: Measured Power, Performance, and Scaling"
31,529,45.479859,462.libquantum,"Looking Back on the Language and Hardware Revolution: Measured Power, Performance, and Scaling"
32,529,43.985212,464.h264ref,"Looking Back on the Language and Hardware Revolution: Measured Power, Performance, and Scaling"
33,529,41.126983,471.omnetpp,"Looking Back on the Language and Hardware Revolution: Measured Power, Performance, and Scaling"
34,529,40.881745,473.astar,"Looking Back on the Language and Hardware Revolution: Measured Power, Performance, and Scaling"
35,529,42.99892,483.xalancbmk,"Looking Back on the Language and Hardware Revolution: Measured Power, Performance, and Scaling"
36,529,44.919581,416.gamess,"Looking Back on the Language and Hardware Revolution: Measured Power, Performance, and Scaling"
37,529,41.822543,433.milc,"Looking Back on the Language and Hardware Revolution: Measured Power, Performance, and Scaling"
38,529,38.905817,434.zeusmp,"Looking Back on the Language and Hardware Revolution: Measured Power, Performance, and Scaling"
39,529,44.357851,435.gromacs,"Looking Back on the Language and Hardware Revolution: Measured Power, Performance, and Scaling"
40,529,38.766321,436.cactusADM,"Looking Back on the Language and Hardware Revolution: Measured Power, Performance, and Scaling"
41,529,39.955272,437.leslie3d,"Looking Back on the Language and Hardware Revolution: Measured Power, Performance, and Scaling"
42,529,46.523324,444.namd,"Looking Back on the Language and Hardware Revolution: Measured Power, Performance, and Scaling"
43,529,44.28798,447.dealII,"Looking Back on the Language and Hardware Revolution: Measured Power, Performance, and Scaling"
44,529,40.088489,450.soplex,"Looking Back on the Language and Hardware Revolution: Measured Power, Performance, and Scaling"
45,529,42.260288,453.povray,"Looking Back on the Language and Hardware Revolution: Measured Power, Performance, and Scaling"
46,529,45.265678,454.calculix,"Looking Back on the Language and Hardware Revolution: Measured Power, Performance, and Scaling"
47,529,40.244491,459.GemsFDTD,"Looking Back on the Language and Hardware Revolution: Measured Power, Performance, and Scaling"
48,529,42.158324,465.tonto,"Looking Back on the Language and Hardware Revolution: Measured Power, Performance, and Scaling"
49,529,36.310427,470.lbm,"Looking Back on the Language and Hardware Revolution: Measured Power, Performance, and Scaling"
50,529,42.615838,482.sphinx3,"Looking Back on the Language and Hardware Revolution: Measured Power, Performance, and Scaling"
51,529,42.393938,blackscholes,"Looking Back on the Language and Hardware Revolution: Measured Power, Performance, and Scaling"
52,529,43.428649,bodytrack,"Looking Back on the Language and Hardware Revolution: Measured Power, Performance, and Scaling"
53,529,43.687629,canneal,"Looking Back on the Language and Hardware Revolution: Measured Power, Performance, and Scaling"
54,529,48.192682,facesim,"Looking Back on the Language and Hardware Revolution: Measured Power, Performance, and Scaling"
55,529,48.094932,ferret,"Looking Back on the Language and Hardware Revolution: Measured Power, Performance, and Scaling"
56,529,48.253346,fluidanimate,"Looking Back on the Language and Hardware Revolution: Measured Power, Performance, and Scaling"
57,529,34.450168,raytrace,"Looking Back on the Language and Hardware Revolution: Measured Power, Performance, and Scaling"
58,529,44.22332,streamcluster,"Looking Back on the Language and Hardware Revolution: Measured Power, Performance, and Scaling"
59,529,48.370977,swaptions,"Looking Back on the Language and Hardware Revolution: Measured Power, Performance, and Scaling"
60,529,39.190971,vips,"Looking Back on the Language and Hardware Revolution: Measured Power, Performance, and Scaling"
61,529,38.34907,x264,"Looking Back on the Language and Hardware Revolution: Measured Power, Performance, and Scaling"
62,393,25.240198,avrora,"Looking Back on the Language and Hardware Revolution: Measured Power, Performance, and Scaling"
63,393,26.04423,batik,"Looking Back on the Language and Hardware Revolution: Measured Power, Performance, and Scaling"
64,393,29.816521,h2,"Looking Back on the Language and Hardware Revolution: Measured Power, Performance, and Scaling"
65,393,25.059752,jython,"Looking Back on the Language and Hardware Revolution: Measured Power, Performance, and Scaling"
66,393,25.794398,pmd,"Looking Back on the Language and Hardware Revolution: Measured Power, Performance, and Scaling"
67,393,24.264786,tradebeans,"Looking Back on the Language and Hardware Revolution: Measured Power, Performance, and Scaling"
68,393,27.503543,pjbb2005,"Looking Back on the Language and Hardware Revolution: Measured Power, Performance, and Scaling"
69,393,23.37326,_227_mtrt,"Looking Back on the Language and Hardware Revolution: Measured Power, Performance, and Scaling"
70,393,21.417191,fop,"Looking Back on the Language and Hardware Revolution: Measured Power, Performance, and Scaling"
71,393,27.820372,luindex,"Looking Back on the Language and Hardware Revolution: Measured Power, Performance, and Scaling"
72,393,31.366502,antlr,"Looking Back on the Language and Hardware Revolution: Measured Power, Performance, and Scaling"
73,393,27.416367,bloat,"Looking Back on the Language and Hardware Revolution: Measured Power, Performance, and Scaling"
74,393,25.310141,_201_compress,"Looking Back on the Language and Hardware Revolution: Measured Power, Performance, and Scaling"
75,393,26.639811,_202_jess,"Looking Back on the Language and Hardware Revolution: Measured Power, Performance, and Scaling"
76,393,25.466035,_209_db,"Looking Back on the Language and Hardware Revolution: Measured Power, Performance, and Scaling"
77,393,24.8803,_213_javac,"Looking Back on the Language and Hardware Revolution: Measured Power, Performance, and Scaling"
78,393,29.630966,_222_mpegaudio,"Looking Back on the Language and Hardware Revolution: Measured Power, Performance, and Scaling"
79,393,25.189488,_228_jack,"Looking Back on the Language and Hardware Revolution: Measured Power, Performance, and Scaling"
80,393,22.813901,eclipse,"Looking Back on the Language and Hardware Revolution: Measured Power, Performance, and Scaling"
81,393,28.114099,lusearch,"Looking Back on the Language and Hardware Revolution: Measured Power, Performance, and Scaling"
82,393,28.854425,sunflow,"Looking Back on the Language and Hardware Revolution: Measured Power, Performance, and Scaling"
83,393,32.288206,tomcat,"Looking Back on the Language and Hardware Revolution: Measured Power, Performance, and Scaling"
84,393,30.193793,xalan,"Looking Back on the Language and Hardware Revolution: Measured Power, Performance, and Scaling"
85,393,23.558019,400.perlbench,"Looking Back on the Language and Hardware Revolution: Measured Power, Performance, and Scaling"
86,393,23.533024,401.bzip2,"Looking Back on the Language and Hardware Revolution: Measured Power, Performance, and Scaling"
87,393,23.657438,403.gcc,"Looking Back on the Language and Hardware Revolution: Measured Power, Performance, and Scaling"
88,393,24.643698,429.mcf,"Looking Back on the Language and Hardware Revolution: Measured Power, Performance, and Scaling"
89,393,22.702055,445.gobmk,"Looking Back on the Language and Hardware Revolution: Measured Power, Performance, and Scaling"
90,393,23.85953,456.hmmer,"Looking Back on the Language and Hardware Revolution: Measured Power, Performance, and Scaling"
91,393,22.507442,458.sjeng,"Looking Back on the Language and Hardware Revolution: Measured Power, Performance, and Scaling"
92,393,25.998386,462.libquantum,"Looking Back on the Language and Hardware Revolution: Measured Power, Performance, and Scaling"
93,393,22.681579,464.h264ref,"Looking Back on the Language and Hardware Revolution: Measured Power, Performance, and Scaling"
94,393,23.218173,471.omnetpp,"Looking Back on the Language and Hardware Revolution: Measured Power, Performance, and Scaling"
95,393,23.846511,473.astar,"Looking Back on the Language and Hardware Revolution: Measured Power, Performance, and Scaling"
96,393,24.250578,483.xalancbmk,"Looking Back on the Language and Hardware Revolution: Measured Power, Performance, and Scaling"
97,393,23.202719,416.gamess,"Looking Back on the Language and Hardware Revolution: Measured Power, Performance, and Scaling"
98,393,26.465758,433.milc,"Looking Back on the Language and Hardware Revolution: Measured Power, Performance, and Scaling"
99,393,24.17816,434.zeusmp,"Looking Back on the Language and Hardware Revolution: Measured Power, Performance, and Scaling"
100,393,24.301481,435.gromacs,"Looking Back on the Language and Hardware Revolution: Measured Power, Performance, and Scaling"
101,393,25.272773,436.cactusADM,"Looking Back on the Language and Hardware Revolution: Measured Power, Performance, and Scaling"
102,393,26.353879,437.leslie3d,"Looking Back on the Language and Hardware Revolution: Measured Power, Performance, and Scaling"
103,393,24.363408,444.namd,"Looking Back on the Language and Hardware Revolution: Measured Power, Performance, and Scaling"
104,393,23.779886,447.dealII,"Looking Back on the Language and Hardware Revolution: Measured Power, Performance, and Scaling"
105,393,24.096292,450.soplex,"Looking Back on the Language and Hardware Revolution: Measured Power, Performance, and Scaling"
106,393,23.031941,453.povray,"Looking Back on the Language and Hardware Revolution: Measured Power, Performance, and Scaling"
107,393,25.979054,454.calculix,"Looking Back on the Language and Hardware Revolution: Measured Power, Performance, and Scaling"
108,393,25.844181,459.GemsFDTD,"Looking Back on the Language and Hardware Revolution: Measured Power, Performance, and Scaling"
109,393,23.297303,465.tonto,"Looking Back on the Language and Hardware Revolution: Measured Power, Performance, and Scaling"
110,393,25.193237,470.lbm,"Looking Back on the Language and Hardware Revolution: Measured Power, Performance, and Scaling"
111,393,25.549985,482.sphinx3,"Looking Back on the Language and Hardware Revolution: Measured Power, Performance, and Scaling"
112,393,25.181506,blackscholes,"Looking Back on the Language and Hardware Revolution: Measured Power, Performance, and Scaling"
113,393,24.105791,bodytrack,"Looking Back on the Language and Hardware Revolution: Measured Power, Performance, and Scaling"
114,393,21.357007,canneal,"Looking Back on the Language and Hardware Revolution: Measured Power, Performance, and Scaling"
115,393,28.87412,facesim,"Looking Back on the Language and Hardware Revolution: Measured Power, Performance, and Scaling"
116,393,31.737166,ferret,"Looking Back on the Language and Hardware Revolution: Measured Power, Performance, and Scaling"
117,393,30.225259,fluidanimate,"Looking Back on the Language and Hardware Revolution: Measured Power, Performance, and Scaling"
118,393,25.523082,raytrace,"Looking Back on the Language and Hardware Revolution: Measured Power, Performance, and Scaling"
119,393,27.575175,streamcluster,"Looking Back on the Language and Hardware Revolution: Measured Power, Performance, and Scaling"
120,393,30.748076,swaptions,"Looking Back on the Language and Hardware Revolution: Measured Power, Performance, and Scaling"
121,393,22.257809,vips,"Looking Back on the Language and Hardware Revolution: Measured Power, Performance, and Scaling"
122,393,24.504924,x264,"Looking Back on the Language and Hardware Revolution: Measured Power, Performance, and Scaling"
123,425,47.354462,avrora,"Looking Back on the Language and Hardware Revolution: Measured Power, Performance, and Scaling"
124,425,52.593314,batik,"Looking Back on the Language and Hardware Revolution: Measured Power, Performance, and Scaling"
125,425,54.523438,h2,"Looking Back on the Language and Hardware Revolution: Measured Power, Performance, and Scaling"
126,425,56.130155,jython,"Looking Back on the Language and Hardware Revolution: Measured Power, Performance, and Scaling"
127,425,58.990621,pmd,"Looking Back on the Language and Hardware Revolution: Measured Power, Performance, and Scaling"
128,425,65.110584,tradebeans,"Looking Back on the Language and Hardware Revolution: Measured Power, Performance, and Scaling"
129,425,57.6367,pjbb2005,"Looking Back on the Language and Hardware Revolution: Measured Power, Performance, and Scaling"
130,425,57.821451,_227_mtrt,"Looking Back on the Language and Hardware Revolution: Measured Power, Performance, and Scaling"
131,425,61.308309,fop,"Looking Back on the Language and Hardware Revolution: Measured Power, Performance, and Scaling"
132,425,56.11973,luindex,"Looking Back on the Language and Hardware Revolution: Measured Power, Performance, and Scaling"
133,425,63.941322,antlr,"Looking Back on the Language and Hardware Revolution: Measured Power, Performance, and Scaling"
134,425,55.42799,bloat,"Looking Back on the Language and Hardware Revolution: Measured Power, Performance, and Scaling"
135,425,49.198247,_201_compress,"Looking Back on the Language and Hardware Revolution: Measured Power, Performance, and Scaling"
136,425,51.458982,_202_jess,"Looking Back on the Language and Hardware Revolution: Measured Power, Performance, and Scaling"
137,425,52.21053,_209_db,"Looking Back on the Language and Hardware Revolution: Measured Power, Performance, and Scaling"
138,425,56.649195,_213_javac,"Looking Back on the Language and Hardware Revolution: Measured Power, Performance, and Scaling"
139,425,46.800052,_222_mpegaudio,"Looking Back on the Language and Hardware Revolution: Measured Power, Performance, and Scaling"
140,425,52.245621,_228_jack,"Looking Back on the Language and Hardware Revolution: Measured Power, Performance, and Scaling"
141,425,50.626881,eclipse,"Looking Back on the Language and Hardware Revolution: Measured Power, Performance, and Scaling"
142,425,67.089277,lusearch,"Looking Back on the Language and Hardware Revolution: Measured Power, Performance, and Scaling"
143,425,74.19756,sunflow,"Looking Back on the Language and Hardware Revolution: Measured Power, Performance, and Scaling"
144,425,59.981864,tomcat,"Looking Back on the Language and Hardware Revolution: Measured Power, Performance, and Scaling"
145,425,71.195588,xalan,"Looking Back on the Language and Hardware Revolution: Measured Power, Performance, and Scaling"
146,425,47.059706,400.perlbench,"Looking Back on the Language and Hardware Revolution: Measured Power, Performance, and Scaling"
147,425,47.641347,401.bzip2,"Looking Back on the Language and Hardware Revolution: Measured Power, Performance, and Scaling"
148,425,49.837547,403.gcc,"Looking Back on the Language and Hardware Revolution: Measured Power, Performance, and Scaling"
149,425,54.352449,429.mcf,"Looking Back on the Language and Hardware Revolution: Measured Power, Performance, and Scaling"
150,425,46.056357,445.gobmk,"Looking Back on the Language and Hardware Revolution: Measured Power, Performance, and Scaling"
151,425,46.981538,456.hmmer,"Looking Back on the Language and Hardware Revolution: Measured Power, Performance, and Scaling"
152,425,46.688043,458.sjeng,"Looking Back on the Language and Hardware Revolution: Measured Power, Performance, and Scaling"
153,425,55.176906,462.libquantum,"Looking Back on the Language and Hardware Revolution: Measured Power, Performance, and Scaling"
154,425,46.449918,464.h264ref,"Looking Back on the Language and Hardware Revolution: Measured Power, Performance, and Scaling"
155,425,53.286474,471.omnetpp,"Looking Back on the Language and Hardware Revolution: Measured Power, Performance, and Scaling"
156,425,50.329403,473.astar,"Looking Back on the Language and Hardware Revolution: Measured Power, Performance, and Scaling"
157,425,51.120236,483.xalancbmk,"Looking Back on the Language and Hardware Revolution: Measured Power, Performance, and Scaling"
158,425,46.560183,416.gamess,"Looking Back on the Language and Hardware Revolution: Measured Power, Performance, and Scaling"
159,425,57.37687,433.milc,"Looking Back on the Language and Hardware Revolution: Measured Power, Performance, and Scaling"
160,425,51.759718,434.zeusmp,"Looking Back on the Language and Hardware Revolution: Measured Power, Performance, and Scaling"
161,425,48.333879,435.gromacs,"Looking Back on the Language and Hardware Revolution: Measured Power, Performance, and Scaling"
162,425,52.848599,436.cactusADM,"Looking Back on the Language and Hardware Revolution: Measured Power, Performance, and Scaling"
163,425,56.70776,437.leslie3d,"Looking Back on the Language and Hardware Revolution: Measured Power, Performance, and Scaling"
164,425,47.798872,444.namd,"Looking Back on the Language and Hardware Revolution: Measured Power, Performance, and Scaling"
165,425,47.83549,447.dealII,"Looking Back on the Language and Hardware Revolution: Measured Power, Performance, and Scaling"
166,425,53.804343,450.soplex,"Looking Back on the Language and Hardware Revolution: Measured Power, Performance, and Scaling"
167,425,45.569523,453.povray,"Looking Back on the Language and Hardware Revolution: Measured Power, Performance, and Scaling"
168,425,50.09209,454.calculix,"Looking Back on the Language and Hardware Revolution: Measured Power, Performance, and Scaling"
169,425,57.277777,459.GemsFDTD,"Looking Back on the Language and Hardware Revolution: Measured Power, Performance, and Scaling"
170,425,48.021798,465.tonto,"Looking Back on the Language and Hardware Revolution: Measured Power, Performance, and Scaling"
171,425,56.948159,470.lbm,"Looking Back on the Language and Hardware Revolution: Measured Power, Performance, and Scaling"
172,425,53.747515,482.sphinx3,"Looking Back on the Language and Hardware Revolution: Measured Power, Performance, and Scaling"
173,425,56.649,blackscholes,"Looking Back on the Language and Hardware Revolution: Measured Power, Performance, and Scaling"
174,425,55.553041,bodytrack,"Looking Back on the Language and Hardware Revolution: Measured Power, Performance, and Scaling"
175,425,53.471114,canneal,"Looking Back on the Language and Hardware Revolution: Measured Power, Performance, and Scaling"
176,425,68.45276,facesim,"Looking Back on the Language and Hardware Revolution: Measured Power, Performance, and Scaling"
177,425,77.287304,ferret,"Looking Back on the Language and Hardware Revolution: Measured Power, Performance, and Scaling"
178,425,73.641955,fluidanimate,"Looking Back on the Language and Hardware Revolution: Measured Power, Performance, and Scaling"
179,425,59.356015,raytrace,"Looking Back on the Language and Hardware Revolution: Measured Power, Performance, and Scaling"
180,425,63.20305,streamcluster,"Looking Back on the Language and Hardware Revolution: Measured Power, Performance, and Scaling"
181,425,75.577478,swaptions,"Looking Back on the Language and Hardware Revolution: Measured Power, Performance, and Scaling"
182,425,47.493257,vips,"Looking Back on the Language and Hardware Revolution: Measured Power, Performance, and Scaling"
183,425,48.324233,x264,"Looking Back on the Language and Hardware Revolution: Measured Power, Performance, and Scaling"
184,465,47.035932,avrora,"Looking Back on the Language and Hardware Revolution: Measured Power, Performance, and Scaling"
185,465,34.94975,batik,"Looking Back on the Language and Hardware Revolution: Measured Power, Performance, and Scaling"
186,465,35.469959,h2,"Looking Back on the Language and Hardware Revolution: Measured Power, Performance, and Scaling"
187,465,37.96855,jython,"Looking Back on the Language and Hardware Revolution: Measured Power, Performance, and Scaling"
188,465,41.280355,pmd,"Looking Back on the Language and Hardware Revolution: Measured Power, Performance, and Scaling"
189,465,51.362845,tradebeans,"Looking Back on the Language and Hardware Revolution: Measured Power, Performance, and Scaling"
190,465,45.578689,pjbb2005,"Looking Back on the Language and Hardware Revolution: Measured Power, Performance, and Scaling"
191,465,38.471321,_227_mtrt,"Looking Back on the Language and Hardware Revolution: Measured Power, Performance, and Scaling"
192,465,40.84445,fop,"Looking Back on the Language and Hardware Revolution: Measured Power, Performance, and Scaling"
193,465,37.179958,luindex,"Looking Back on the Language and Hardware Revolution: Measured Power, Performance, and Scaling"
194,465,40.204965,antlr,"Looking Back on the Language and Hardware Revolution: Measured Power, Performance, and Scaling"
195,465,36.346281,bloat,"Looking Back on the Language and Hardware Revolution: Measured Power, Performance, and Scaling"
196,465,30.609177,_201_compress,"Looking Back on the Language and Hardware Revolution: Measured Power, Performance, and Scaling"
197,465,31.534074,_202_jess,"Looking Back on the Language and Hardware Revolution: Measured Power, Performance, and Scaling"
198,465,27.985065,_209_db,"Looking Back on the Language and Hardware Revolution: Measured Power, Performance, and Scaling"
199,465,35.795789,_213_javac,"Looking Back on the Language and Hardware Revolution: Measured Power, Performance, and Scaling"
200,465,30.963309,_222_mpegaudio,"Looking Back on the Language and Hardware Revolution: Measured Power, Performance, and Scaling"
201,465,32.034823,_228_jack,"Looking Back on the Language and Hardware Revolution: Measured Power, Performance, and Scaling"
202,465,33.216103,eclipse,"Looking Back on the Language and Hardware Revolution: Measured Power, Performance, and Scaling"
203,465,71.849243,lusearch,"Looking Back on the Language and Hardware Revolution: Measured Power, Performance, and Scaling"
204,465,86.949066,sunflow,"Looking Back on the Language and Hardware Revolution: Measured Power, Performance, and Scaling"
205,465,49.183301,tomcat,"Looking Back on the Language and Hardware Revolution: Measured Power, Performance, and Scaling"
206,465,72.554249,xalan,"Looking Back on the Language and Hardware Revolution: Measured Power, Performance, and Scaling"
207,465,28.995974,400.perlbench,"Looking Back on the Language and Hardware Revolution: Measured Power, Performance, and Scaling"
208,465,28.679868,401.bzip2,"Looking Back on the Language and Hardware Revolution: Measured Power, Performance, and Scaling"
209,465,26.069596,403.gcc,"Looking Back on the Language and Hardware Revolution: Measured Power, Performance, and Scaling"
210,465,24.39602,429.mcf,"Looking Back on the Language and Hardware Revolution: Measured Power, Performance, and Scaling"
211,465,27.589849,445.gobmk,"Looking Back on the Language and Hardware Revolution: Measured Power, Performance, and Scaling"
212,465,28.587378,456.hmmer,"Looking Back on the Language and Hardware Revolution: Measured Power, Performance, and Scaling"
213,465,28.449289,458.sjeng,"Looking Back on the Language and Hardware Revolution: Measured Power, Performance, and Scaling"
214,465,25.684907,462.libquantum,"Looking Back on the Language and Hardware Revolution: Measured Power, Performance, and Scaling"
215,465,26.618732,464.h264ref,"Looking Back on the Language and Hardware Revolution: Measured Power, Performance, and Scaling"
216,465,23.401624,471.omnetpp,"Looking Back on the Language and Hardware Revolution: Measured Power, Performance, and Scaling"
217,465,28.604556,473.astar,"Looking Back on the Language and Hardware Revolution: Measured Power, Performance, and Scaling"
218,465,25.575851,483.xalancbmk,"Looking Back on the Language and Hardware Revolution: Measured Power, Performance, and Scaling"
219,465,28.758404,416.gamess,"Looking Back on the Language and Hardware Revolution: Measured Power, Performance, and Scaling"
220,465,28.662397,433.milc,"Looking Back on the Language and Hardware Revolution: Measured Power, Performance, and Scaling"
221,465,25.554386,434.zeusmp,"Looking Back on the Language and Hardware Revolution: Measured Power, Performance, and Scaling"
222,465,27.940407,435.gromacs,"Looking Back on the Language and Hardware Revolution: Measured Power, Performance, and Scaling"
223,465,25.28363,436.cactusADM,"Looking Back on the Language and Hardware Revolution: Measured Power, Performance, and Scaling"
224,465,26.82742,437.leslie3d,"Looking Back on the Language and Hardware Revolution: Measured Power, Performance, and Scaling"
225,465,26.989334,444.namd,"Looking Back on the Language and Hardware Revolution: Measured Power, Performance, and Scaling"
226,465,27.574498,447.dealII,"Looking Back on the Language and Hardware Revolution: Measured Power, Performance, and Scaling"
227,465,26.219328,450.soplex,"Looking Back on the Language and Hardware Revolution: Measured Power, Performance, and Scaling"
228,465,28.320204,453.povray,"Looking Back on the Language and Hardware Revolution: Measured Power, Performance, and Scaling"
229,465,30.492115,454.calculix,"Looking Back on the Language and Hardware Revolution: Measured Power, Performance, and Scaling"
230,465,25.090108,459.GemsFDTD,"Looking Back on the Language and Hardware Revolution: Measured Power, Performance, and Scaling"
231,465,27.69937,465.tonto,"Looking Back on the Language and Hardware Revolution: Measured Power, Performance, and Scaling"
232,465,28.277391,470.lbm,"Looking Back on the Language and Hardware Revolution: Measured Power, Performance, and Scaling"
233,465,26.953359,482.sphinx3,"Looking Back on the Language and Hardware Revolution: Measured Power, Performance, and Scaling"
234,465,50.912561,blackscholes,"Looking Back on the Language and Hardware Revolution: Measured Power, Performance, and Scaling"
235,465,48.927575,bodytrack,"Looking Back on the Language and Hardware Revolution: Measured Power, Performance, and Scaling"
236,465,38.286286,canneal,"Looking Back on the Language and Hardware Revolution: Measured Power, Performance, and Scaling"
237,465,79.693859,facesim,"Looking Back on the Language and Hardware Revolution: Measured Power, Performance, and Scaling"
238,465,88.086358,ferret,"Looking Back on the Language and Hardware Revolution: Measured Power, Performance, and Scaling"
239,465,89.183613,fluidanimate,"Looking Back on the Language and Hardware Revolution: Measured Power, Performance, and Scaling"
240,465,55.273929,raytrace,"Looking Back on the Language and Hardware Revolution: Measured Power, Performance, and Scaling"
241,465,62.564359,streamcluster,"Looking Back on the Language and Hardware Revolution: Measured Power, Performance, and Scaling"
242,465,86.082321,swaptions,"Looking Back on the Language and Hardware Revolution: Measured Power, Performance, and Scaling"
243,465,36.535245,vips,"Looking Back on the Language and Hardware Revolution: Measured Power, Performance, and Scaling"
244,465,28.974019,x264,"Looking Back on the Language and Hardware Revolution: Measured Power, Performance, and Scaling"
245,362,2.196522,avrora,"Looking Back on the Language and Hardware Revolution: Measured Power, Performance, and Scaling"
246,362,2.329314,batik,"Looking Back on the Language and Hardware Revolution: Measured Power, Performance, and Scaling"
247,362,2.283016,h2,"Looking Back on the Language and Hardware Revolution: Measured Power, Performance, and Scaling"
248,362,2.369467,jython,"Looking Back on the Language and Hardware Revolution: Measured Power, Performance, and Scaling"
249,362,2.368715,pmd,"Looking Back on the Language and Hardware Revolution: Measured Power, Performance, and Scaling"
250,362,2.423086,tradebeans,"Looking Back on the Language and Hardware Revolution: Measured Power, Performance, and Scaling"
251,362,2.371957,pjbb2005,"Looking Back on the Language and Hardware Revolution: Measured Power, Performance, and Scaling"
252,362,2.396932,_227_mtrt,"Looking Back on the Language and Hardware Revolution: Measured Power, Performance, and Scaling"
253,362,2.353259,fop,"Looking Back on the Language and Hardware Revolution: Measured Power, Performance, and Scaling"
254,362,2.325173,luindex,"Looking Back on the Language and Hardware Revolution: Measured Power, Performance, and Scaling"
255,362,2.400222,antlr,"Looking Back on the Language and Hardware Revolution: Measured Power, Performance, and Scaling"
256,362,2.294078,bloat,"Looking Back on the Language and Hardware Revolution: Measured Power, Performance, and Scaling"
257,362,2.175517,_201_compress,"Looking Back on the Language and Hardware Revolution: Measured Power, Performance, and Scaling"
258,362,2.283154,_202_jess,"Looking Back on the Language and Hardware Revolution: Measured Power, Performance, and Scaling"
259,362,1.943846,_209_db,"Looking Back on the Language and Hardware Revolution: Measured Power, Performance, and Scaling"
260,362,2.332519,_213_javac,"Looking Back on the Language and Hardware Revolution: Measured Power, Performance, and Scaling"
261,362,2.230252,_222_mpegaudio,"Looking Back on the Language and Hardware Revolution: Measured Power, Performance, and Scaling"
262,362,2.274753,_228_jack,"Looking Back on the Language and Hardware Revolution: Measured Power, Performance, and Scaling"
263,362,2.25347,eclipse,"Looking Back on the Language and Hardware Revolution: Measured Power, Performance, and Scaling"
264,362,2.482365,lusearch,"Looking Back on the Language and Hardware Revolution: Measured Power, Performance, and Scaling"
265,362,2.5528,sunflow,"Looking Back on the Language and Hardware Revolution: Measured Power, Performance, and Scaling"
266,362,2.295021,tomcat,"Looking Back on the Language and Hardware Revolution: Measured Power, Performance, and Scaling"
267,362,2.41526,xalan,"Looking Back on the Language and Hardware Revolution: Measured Power, Performance, and Scaling"
268,362,2.336862,400.perlbench,"Looking Back on the Language and Hardware Revolution: Measured Power, Performance, and Scaling"
269,362,2.192714,401.bzip2,"Looking Back on the Language and Hardware Revolution: Measured Power, Performance, and Scaling"
270,362,2.28592,403.gcc,"Looking Back on the Language and Hardware Revolution: Measured Power, Performance, and Scaling"
271,362,1.975192,429.mcf,"Looking Back on the Language and Hardware Revolution: Measured Power, Performance, and Scaling"
272,362,2.287129,445.gobmk,"Looking Back on the Language and Hardware Revolution: Measured Power, Performance, and Scaling"
273,362,2.481504,456.hmmer,"Looking Back on the Language and Hardware Revolution: Measured Power, Performance, and Scaling"
274,362,2.284971,458.sjeng,"Looking Back on the Language and Hardware Revolution: Measured Power, Performance, and Scaling"
275,362,2.447221,462.libquantum,"Looking Back on the Language and Hardware Revolution: Measured Power, Performance, and Scaling"
276,362,2.295552,464.h264ref,"Looking Back on the Language and Hardware Revolution: Measured Power, Performance, and Scaling"
277,362,2.074474,471.omnetpp,"Looking Back on the Language and Hardware Revolution: Measured Power, Performance, and Scaling"
278,362,2.155444,473.astar,"Looking Back on the Language and Hardware Revolution: Measured Power, Performance, and Scaling"
279,362,2.222081,483.xalancbmk,"Looking Back on the Language and Hardware Revolution: Measured Power, Performance, and Scaling"
280,362,2.167697,416.gamess,"Looking Back on the Language and Hardware Revolution: Measured Power, Performance, and Scaling"
281,362,2.446877,433.milc,"Looking Back on the Language and Hardware Revolution: Measured Power, Performance, and Scaling"
282,362,2.114224,434.zeusmp,"Looking Back on the Language and Hardware Revolution: Measured Power, Performance, and Scaling"
283,362,2.303963,435.gromacs,"Looking Back on the Language and Hardware Revolution: Measured Power, Performance, and Scaling"
284,362,2.123407,436.cactusADM,"Looking Back on the Language and Hardware Revolution: Measured Power, Performance, and Scaling"
285,362,2.183026,437.leslie3d,"Looking Back on the Language and Hardware Revolution: Measured Power, Performance, and Scaling"
286,362,2.365109,444.namd,"Looking Back on the Language and Hardware Revolution: Measured Power, Performance, and Scaling"
287,362,2.300168,447.dealII,"Looking Back on the Language and Hardware Revolution: Measured Power, Performance, and Scaling"
288,362,2.153314,450.soplex,"Looking Back on the Language and Hardware Revolution: Measured Power, Performance, and Scaling"
289,362,2.302896,453.povray,"Looking Back on the Language and Hardware Revolution: Measured Power, Performance, and Scaling"
290,362,2.416177,454.calculix,"Looking Back on the Language and Hardware Revolution: Measured Power, Performance, and Scaling"
291,362,2.192048,459.GemsFDTD,"Looking Back on the Language and Hardware Revolution: Measured Power, Performance, and Scaling"
292,362,2.390908,465.tonto,"Looking Back on the Language and Hardware Revolution: Measured Power, Performance, and Scaling"
293,362,2.406537,470.lbm,"Looking Back on the Language and Hardware Revolution: Measured Power, Performance, and Scaling"
294,362,2.513484,482.sphinx3,"Looking Back on the Language and Hardware Revolution: Measured Power, Performance, and Scaling"
295,362,2.534592,blackscholes,"Looking Back on the Language and Hardware Revolution: Measured Power, Performance, and Scaling"
296,362,2.531354,bodytrack,"Looking Back on the Language and Hardware Revolution: Measured Power, Performance, and Scaling"
297,362,2.103814,canneal,"Looking Back on the Language and Hardware Revolution: Measured Power, Performance, and Scaling"
298,362,2.72928,facesim,"Looking Back on the Language and Hardware Revolution: Measured Power, Performance, and Scaling"
299,362,2.66174,ferret,"Looking Back on the Language and Hardware Revolution: Measured Power, Performance, and Scaling"
300,362,2.530058,fluidanimate,"Looking Back on the Language and Hardware Revolution: Measured Power, Performance, and Scaling"
301,362,2.517604,raytrace,"Looking Back on the Language and Hardware Revolution: Measured Power, Performance, and Scaling"
302,362,2.565319,streamcluster,"Looking Back on the Language and Hardware Revolution: Measured Power, Performance, and Scaling"
303,362,2.712444,swaptions,"Looking Back on the Language and Hardware Revolution: Measured Power, Performance, and Scaling"
304,362,2.492498,vips,"Looking Back on the Language and Hardware Revolution: Measured Power, Performance, and Scaling"
305,362,2.539515,x264,"Looking Back on the Language and Hardware Revolution: Measured Power, Performance, and Scaling"
306,401,20.005943,avrora,"Looking Back on the Language and Hardware Revolution: Measured Power, Performance, and Scaling"
307,401,20.59462,batik,"Looking Back on the Language and Hardware Revolution: Measured Power, Performance, and Scaling"
308,401,23.54451,h2,"Looking Back on the Language and Hardware Revolution: Measured Power, Performance, and Scaling"
309,401,19.899171,jython,"Looking Back on the Language and Hardware Revolution: Measured Power, Performance, and Scaling"
310,401,20.484107,pmd,"Looking Back on the Language and Hardware Revolution: Measured Power, Performance, and Scaling"
311,401,17.674107,tradebeans,"Looking Back on the Language and Hardware Revolution: Measured Power, Performance, and Scaling"
312,401,21.768214,pjbb2005,"Looking Back on the Language and Hardware Revolution: Measured Power, Performance, and Scaling"
313,401,18.010516,_227_mtrt,"Looking Back on the Language and Hardware Revolution: Measured Power, Performance, and Scaling"
314,401,15.794331,fop,"Looking Back on the Language and Hardware Revolution: Measured Power, Performance, and Scaling"
315,401,22.141675,luindex,"Looking Back on the Language and Hardware Revolution: Measured Power, Performance, and Scaling"
316,401,24.517059,antlr,"Looking Back on the Language and Hardware Revolution: Measured Power, Performance, and Scaling"
317,401,21.604,bloat,"Looking Back on the Language and Hardware Revolution: Measured Power, Performance, and Scaling"
318,401,20.049833,_201_compress,"Looking Back on the Language and Hardware Revolution: Measured Power, Performance, and Scaling"
319,401,20.921849,_202_jess,"Looking Back on the Language and Hardware Revolution: Measured Power, Performance, and Scaling"
320,401,19.994141,_209_db,"Looking Back on the Language and Hardware Revolution: Measured Power, Performance, and Scaling"
321,401,19.914687,_213_javac,"Looking Back on the Language and Hardware Revolution: Measured Power, Performance, and Scaling"
322,401,22.653511,_222_mpegaudio,"Looking Back on the Language and Hardware Revolution: Measured Power, Performance, and Scaling"
323,401,19.276318,_228_jack,"Looking Back on the Language and Hardware Revolution: Measured Power, Performance, and Scaling"
324,401,17.760032,eclipse,"Looking Back on the Language and Hardware Revolution: Measured Power, Performance, and Scaling"
325,401,22.10556,lusearch,"Looking Back on the Language and Hardware Revolution: Measured Power, Performance, and Scaling"
326,401,22.804187,sunflow,"Looking Back on the Language and Hardware Revolution: Measured Power, Performance, and Scaling"
327,401,26.757304,tomcat,"Looking Back on the Language and Hardware Revolution: Measured Power, Performance, and Scaling"
328,401,23.548214,xalan,"Looking Back on the Language and Hardware Revolution: Measured Power, Performance, and Scaling"
329,401,18.492718,400.perlbench,"Looking Back on the Language and Hardware Revolution: Measured Power, Performance, and Scaling"
330,401,18.592588,401.bzip2,"Looking Back on the Language and Hardware Revolution: Measured Power, Performance, and Scaling"
331,401,18.427875,403.gcc,"Looking Back on the Language and Hardware Revolution: Measured Power, Performance, and Scaling"
332,401,19.125389,429.mcf,"Looking Back on the Language and Hardware Revolution: Measured Power, Performance, and Scaling"
333,401,17.839977,445.gobmk,"Looking Back on the Language and Hardware Revolution: Measured Power, Performance, and Scaling"
334,401,19.077037,456.hmmer,"Looking Back on the Language and Hardware Revolution: Measured Power, Performance, and Scaling"
335,401,17.993182,458.sjeng,"Looking Back on the Language and Hardware Revolution: Measured Power, Performance, and Scaling"
336,401,20.458871,462.libquantum,"Looking Back on the Language and Hardware Revolution: Measured Power, Performance, and Scaling"
337,401,17.843217,464.h264ref,"Looking Back on the Language and Hardware Revolution: Measured Power, Performance, and Scaling"
338,401,18.173981,471.omnetpp,"Looking Back on the Language and Hardware Revolution: Measured Power, Performance, and Scaling"
339,401,18.765011,473.astar,"Looking Back on the Language and Hardware Revolution: Measured Power, Performance, and Scaling"
340,401,19.099376,483.xalancbmk,"Looking Back on the Language and Hardware Revolution: Measured Power, Performance, and Scaling"
341,401,18.51649,416.gamess,"Looking Back on the Language and Hardware Revolution: Measured Power, Performance, and Scaling"
342,401,20.69986,433.milc,"Looking Back on the Language and Hardware Revolution: Measured Power, Performance, and Scaling"
343,401,19.742615,434.zeusmp,"Looking Back on the Language and Hardware Revolution: Measured Power, Performance, and Scaling"
344,401,19.195152,435.gromacs,"Looking Back on the Language and Hardware Revolution: Measured Power, Performance, and Scaling"
345,401,19.874582,436.cactusADM,"Looking Back on the Language and Hardware Revolution: Measured Power, Performance, and Scaling"
346,401,21.050805,437.leslie3d,"Looking Back on the Language and Hardware Revolution: Measured Power, Performance, and Scaling"
347,401,19.03045,444.namd,"Looking Back on the Language and Hardware Revolution: Measured Power, Performance, and Scaling"
348,401,18.626774,447.dealII,"Looking Back on the Language and Hardware Revolution: Measured Power, Performance, and Scaling"
349,401,18.872714,450.soplex,"Looking Back on the Language and Hardware Revolution: Measured Power, Performance, and Scaling"
350,401,18.018118,453.povray,"Looking Back on the Language and Hardware Revolution: Measured Power, Performance, and Scaling"
351,401,20.549882,454.calculix,"Looking Back on the Language and Hardware Revolution: Measured Power, Performance, and Scaling"
352,401,20.136363,459.GemsFDTD,"Looking Back on the Language and Hardware Revolution: Measured Power, Performance, and Scaling"
353,401,18.787036,465.tonto,"Looking Back on the Language and Hardware Revolution: Measured Power, Performance, and Scaling"
354,401,19.18758,470.lbm,"Looking Back on the Language and Hardware Revolution: Measured Power, Performance, and Scaling"
355,401,20.380269,482.sphinx3,"Looking Back on the Language and Hardware Revolution: Measured Power, Performance, and Scaling"
356,401,20.078956,blackscholes,"Looking Back on the Language and Hardware Revolution: Measured Power, Performance, and Scaling"
357,401,18.458674,bodytrack,"Looking Back on the Language and Hardware Revolution: Measured Power, Performance, and Scaling"
358,401,16.895254,canneal,"Looking Back on the Language and Hardware Revolution: Measured Power, Performance, and Scaling"
359,401,23.769946,facesim,"Looking Back on the Language and Hardware Revolution: Measured Power, Performance, and Scaling"
360,401,26.464381,ferret,"Looking Back on the Language and Hardware Revolution: Measured Power, Performance, and Scaling"
361,401,25.926844,fluidanimate,"Looking Back on the Language and Hardware Revolution: Measured Power, Performance, and Scaling"
362,401,20.651653,raytrace,"Looking Back on the Language and Hardware Revolution: Measured Power, Performance, and Scaling"
363,401,21.533454,streamcluster,"Looking Back on the Language and Hardware Revolution: Measured Power, Performance, and Scaling"
364,401,25.822933,swaptions,"Looking Back on the Language and Hardware Revolution: Measured Power, Performance, and Scaling"
365,401,16.08903,vips,"Looking Back on the Language and Hardware Revolution: Measured Power, Performance, and Scaling"
366,401,16.771239,x264,"Looking Back on the Language and Hardware Revolution: Measured Power, Performance, and Scaling"
367,364,4.381505,avrora,"Looking Back on the Language and Hardware Revolution: Measured Power, Performance, and Scaling"
368,364,4.421915,batik,"Looking Back on the Language and Hardware Revolution: Measured Power, Performance, and Scaling"
369,364,4.444619,h2,"Looking Back on the Language and Hardware Revolution: Measured Power, Performance, and Scaling"
370,364,4.592995,jython,"Looking Back on the Language and Hardware Revolution: Measured Power, Performance, and Scaling"
371,364,4.779853,pmd,"Looking Back on the Language and Hardware Revolution: Measured Power, Performance, and Scaling"
372,364,4.943715,tradebeans,"Looking Back on the Language and Hardware Revolution: Measured Power, Performance, and Scaling"
373,364,4.857315,pjbb2005,"Looking Back on the Language and Hardware Revolution: Measured Power, Performance, and Scaling"
374,364,4.57659,_227_mtrt,"Looking Back on the Language and Hardware Revolution: Measured Power, Performance, and Scaling"
375,364,4.756774,fop,"Looking Back on the Language and Hardware Revolution: Measured Power, Performance, and Scaling"
376,364,4.551733,luindex,"Looking Back on the Language and Hardware Revolution: Measured Power, Performance, and Scaling"
377,364,4.945969,antlr,"Looking Back on the Language and Hardware Revolution: Measured Power, Performance, and Scaling"
378,364,4.335962,bloat,"Looking Back on the Language and Hardware Revolution: Measured Power, Performance, and Scaling"
379,364,4.02292,_201_compress,"Looking Back on the Language and Hardware Revolution: Measured Power, Performance, and Scaling"
380,364,4.313825,_202_jess,"Looking Back on the Language and Hardware Revolution: Measured Power, Performance, and Scaling"
381,364,3.906549,_209_db,"Looking Back on the Language and Hardware Revolution: Measured Power, Performance, and Scaling"
382,364,4.504739,_213_javac,"Looking Back on the Language and Hardware Revolution: Measured Power, Performance, and Scaling"
383,364,4.068975,_222_mpegaudio,"Looking Back on the Language and Hardware Revolution: Measured Power, Performance, and Scaling"
384,364,4.49943,_228_jack,"Looking Back on the Language and Hardware Revolution: Measured Power, Performance, and Scaling"
385,364,4.42154,eclipse,"Looking Back on the Language and Hardware Revolution: Measured Power, Performance, and Scaling"
386,364,5.463247,lusearch,"Looking Back on the Language and Hardware Revolution: Measured Power, Performance, and Scaling"
387,364,5.622639,sunflow,"Looking Back on the Language and Hardware Revolution: Measured Power, Performance, and Scaling"
388,364,4.84679,tomcat,"Looking Back on the Language and Hardware Revolution: Measured Power, Performance, and Scaling"
389,364,5.346656,xalan,"Looking Back on the Language and Hardware Revolution: Measured Power, Performance, and Scaling"
390,364,3.698631,400.perlbench,"Looking Back on the Language and Hardware Revolution: Measured Power, Performance, and Scaling"
391,364,3.610017,401.bzip2,"Looking Back on the Language and Hardware Revolution: Measured Power, Performance, and Scaling"
392,364,3.687767,403.gcc,"Looking Back on the Language and Hardware Revolution: Measured Power, Performance, and Scaling"
393,364,3.44003,429.mcf,"Looking Back on the Language and Hardware Revolution: Measured Power, Performance, and Scaling"
394,364,3.640154,445.gobmk,"Looking Back on the Language and Hardware Revolution: Measured Power, Performance, and Scaling"
395,364,3.831418,456.hmmer,"Looking Back on the Language and Hardware Revolution: Measured Power, Performance, and Scaling"
396,364,3.628964,458.sjeng,"Looking Back on the Language and Hardware Revolution: Measured Power, Performance, and Scaling"
397,364,3.84134,462.libquantum,"Looking Back on the Language and Hardware Revolution: Measured Power, Performance, and Scaling"
398,364,3.646881,464.h264ref,"Looking Back on the Language and Hardware Revolution: Measured Power, Performance, and Scaling"
399,364,3.526789,471.omnetpp,"Looking Back on the Language and Hardware Revolution: Measured Power, Performance, and Scaling"
400,364,3.585862,473.astar,"Looking Back on the Language and Hardware Revolution: Measured Power, Performance, and Scaling"
401,364,3.611502,483.xalancbmk,"Looking Back on the Language and Hardware Revolution: Measured Power, Performance, and Scaling"
402,364,3.503327,416.gamess,"Looking Back on the Language and Hardware Revolution: Measured Power, Performance, and Scaling"
403,364,3.861644,433.milc,"Looking Back on the Language and Hardware Revolution: Measured Power, Performance, and Scaling"
404,364,3.484531,434.zeusmp,"Looking Back on the Language and Hardware Revolution: Measured Power, Performance, and Scaling"
405,364,3.64546,435.gromacs,"Looking Back on the Language and Hardware Revolution: Measured Power, Performance, and Scaling"
406,364,3.481507,436.cactusADM,"Looking Back on the Language and Hardware Revolution: Measured Power, Performance, and Scaling"
407,364,3.576647,437.leslie3d,"Looking Back on the Language and Hardware Revolution: Measured Power, Performance, and Scaling"
408,364,3.685861,444.namd,"Looking Back on the Language and Hardware Revolution: Measured Power, Performance, and Scaling"
409,364,3.651515,447.dealII,"Looking Back on the Language and Hardware Revolution: Measured Power, Performance, and Scaling"
410,364,3.608174,450.soplex,"Looking Back on the Language and Hardware Revolution: Measured Power, Performance, and Scaling"
411,364,3.626113,453.povray,"Looking Back on the Language and Hardware Revolution: Measured Power, Performance, and Scaling"
412,364,3.757434,454.calculix,"Looking Back on the Language and Hardware Revolution: Measured Power, Performance, and Scaling"
413,364,3.626016,459.GemsFDTD,"Looking Back on the Language and Hardware Revolution: Measured Power, Performance, and Scaling"
414,364,3.737916,465.tonto,"Looking Back on the Language and Hardware Revolution: Measured Power, Performance, and Scaling"
415,364,3.86749,470.lbm,"Looking Back on the Language and Hardware Revolution: Measured Power, Performance, and Scaling"
416,364,3.875411,482.sphinx3,"Looking Back on the Language and Hardware Revolution: Measured Power, Performance, and Scaling"
417,364,5.249258,blackscholes,"Looking Back on the Language and Hardware Revolution: Measured Power, Performance, and Scaling"
418,364,5.208746,bodytrack,"Looking Back on the Language and Hardware Revolution: Measured Power, Performance, and Scaling"
419,364,4.31855,canneal,"Looking Back on the Language and Hardware Revolution: Measured Power, Performance, and Scaling"
420,364,5.763779,facesim,"Looking Back on the Language and Hardware Revolution: Measured Power, Performance, and Scaling"
421,364,5.768548,ferret,"Looking Back on the Language and Hardware Revolution: Measured Power, Performance, and Scaling"
422,364,5.523422,fluidanimate,"Looking Back on the Language and Hardware Revolution: Measured Power, Performance, and Scaling"
423,364,5.082025,raytrace,"Looking Back on the Language and Hardware Revolution: Measured Power, Performance, and Scaling"
424,364,5.337716,streamcluster,"Looking Back on the Language and Hardware Revolution: Measured Power, Performance, and Scaling"
425,364,5.936317,swaptions,"Looking Back on the Language and Hardware Revolution: Measured Power, Performance, and Scaling"
426,364,5.059908,vips,"Looking Back on the Language and Hardware Revolution: Measured Power, Performance, and Scaling"
427,364,5.240835,x264,"Looking Back on the Language and Hardware Revolution: Measured Power, Performance, and Scaling"
428,458,24.66701,avrora,"Looking Back on the Language and Hardware Revolution: Measured Power, Performance, and Scaling"
429,458,23.62754,batik,"Looking Back on the Language and Hardware Revolution: Measured Power, Performance, and Scaling"
430,458,21.215343,h2,"Looking Back on the Language and Hardware Revolution: Measured Power, Performance, and Scaling"
431,458,26.207223,jython,"Looking Back on the Language and Hardware Revolution: Measured Power, Performance, and Scaling"
432,458,27.019768,pmd,"Looking Back on the Language and Hardware Revolution: Measured Power, Performance, and Scaling"
433,458,29.228623,tradebeans,"Looking Back on the Language and Hardware Revolution: Measured Power, Performance, and Scaling"
434,458,25.808999,pjbb2005,"Looking Back on the Language and Hardware Revolution: Measured Power, Performance, and Scaling"
435,458,26.127033,_227_mtrt,"Looking Back on the Language and Hardware Revolution: Measured Power, Performance, and Scaling"
436,458,27.833855,fop,"Looking Back on the Language and Hardware Revolution: Measured Power, Performance, and Scaling"
437,458,25.658509,luindex,"Looking Back on the Language and Hardware Revolution: Measured Power, Performance, and Scaling"
438,458,29.654067,antlr,"Looking Back on the Language and Hardware Revolution: Measured Power, Performance, and Scaling"
439,458,24.896131,bloat,"Looking Back on the Language and Hardware Revolution: Measured Power, Performance, and Scaling"
440,458,20.054044,_201_compress,"Looking Back on the Language and Hardware Revolution: Measured Power, Performance, and Scaling"
441,458,22.740374,_202_jess,"Looking Back on the Language and Hardware Revolution: Measured Power, Performance, and Scaling"
442,458,17.180659,_209_db,"Looking Back on the Language and Hardware Revolution: Measured Power, Performance, and Scaling"
443,458,25.116356,_213_javac,"Looking Back on the Language and Hardware Revolution: Measured Power, Performance, and Scaling"
444,458,21.229497,_222_mpegaudio,"Looking Back on the Language and Hardware Revolution: Measured Power, Performance, and Scaling"
445,458,26.910127,_228_jack,"Looking Back on the Language and Hardware Revolution: Measured Power, Performance, and Scaling"
446,458,20.979312,eclipse,"Looking Back on the Language and Hardware Revolution: Measured Power, Performance, and Scaling"
447,458,32.040058,lusearch,"Looking Back on the Language and Hardware Revolution: Measured Power, Performance, and Scaling"
448,458,36.801327,sunflow,"Looking Back on the Language and Hardware Revolution: Measured Power, Performance, and Scaling"
449,458,25.408981,tomcat,"Looking Back on the Language and Hardware Revolution: Measured Power, Performance, and Scaling"
450,458,32.37193,xalan,"Looking Back on the Language and Hardware Revolution: Measured Power, Performance, and Scaling"
451,458,20.782,400.perlbench,"Looking Back on the Language and Hardware Revolution: Measured Power, Performance, and Scaling"
452,458,19.71899,401.bzip2,"Looking Back on the Language and Hardware Revolution: Measured Power, Performance, and Scaling"
453,458,18.20523,403.gcc,"Looking Back on the Language and Hardware Revolution: Measured Power, Performance, and Scaling"
454,458,17.192608,429.mcf,"Looking Back on the Language and Hardware Revolution: Measured Power, Performance, and Scaling"
455,458,20.032562,445.gobmk,"Looking Back on the Language and Hardware Revolution: Measured Power, Performance, and Scaling"
456,458,20.605724,456.hmmer,"Looking Back on the Language and Hardware Revolution: Measured Power, Performance, and Scaling"
457,458,20.339878,458.sjeng,"Looking Back on the Language and Hardware Revolution: Measured Power, Performance, and Scaling"
458,458,19.381189,462.libquantum,"Looking Back on the Language and Hardware Revolution: Measured Power, Performance, and Scaling"
459,458,20.347302,464.h264ref,"Looking Back on the Language and Hardware Revolution: Measured Power, Performance, and Scaling"
460,458,16.541662,471.omnetpp,"Looking Back on the Language and Hardware Revolution: Measured Power, Performance, and Scaling"
461,458,19.42784,473.astar,"Looking Back on the Language and Hardware Revolution: Measured Power, Performance, and Scaling"
462,458,18.147596,483.xalancbmk,"Looking Back on the Language and Hardware Revolution: Measured Power, Performance, and Scaling"
463,458,21.735438,416.gamess,"Looking Back on the Language and Hardware Revolution: Measured Power, Performance, and Scaling"
464,458,19.996444,433.milc,"Looking Back on the Language and Hardware Revolution: Measured Power, Performance, and Scaling"
465,458,19.04055,434.zeusmp,"Looking Back on the Language and Hardware Revolution: Measured Power, Performance, and Scaling"
466,458,20.767278,435.gromacs,"Looking Back on the Language and Hardware Revolution: Measured Power, Performance, and Scaling"
467,458,18.411586,436.cactusADM,"Looking Back on the Language and Hardware Revolution: Measured Power, Performance, and Scaling"
468,458,18.85062,437.leslie3d,"Looking Back on the Language and Hardware Revolution: Measured Power, Performance, and Scaling"
469,458,20.889227,444.namd,"Looking Back on the Language and Hardware Revolution: Measured Power, Performance, and Scaling"
470,458,20.022305,447.dealII,"Looking Back on the Language and Hardware Revolution: Measured Power, Performance, and Scaling"
471,458,17.550596,450.soplex,"Looking Back on the Language and Hardware Revolution: Measured Power, Performance, and Scaling"
472,458,20.440387,453.povray,"Looking Back on the Language and Hardware Revolution: Measured Power, Performance, and Scaling"
473,458,22.176357,454.calculix,"Looking Back on the Language and Hardware Revolution: Measured Power, Performance, and Scaling"
474,458,17.952669,459.GemsFDTD,"Looking Back on the Language and Hardware Revolution: Measured Power, Performance, and Scaling"
475,458,20.553076,465.tonto,"Looking Back on the Language and Hardware Revolution: Measured Power, Performance, and Scaling"
476,458,19.652129,470.lbm,"Looking Back on the Language and Hardware Revolution: Measured Power, Performance, and Scaling"
477,458,19.205131,482.sphinx3,"Looking Back on the Language and Hardware Revolution: Measured Power, Performance, and Scaling"
478,458,28.264566,blackscholes,"Looking Back on the Language and Hardware Revolution: Measured Power, Performance, and Scaling"
479,458,25.809225,bodytrack,"Looking Back on the Language and Hardware Revolution: Measured Power, Performance, and Scaling"
480,458,20.1198,canneal,"Looking Back on the Language and Hardware Revolution: Measured Power, Performance, and Scaling"
481,458,34.98308,facesim,"Looking Back on the Language and Hardware Revolution: Measured Power, Performance, and Scaling"
482,458,37.23941,ferret,"Looking Back on the Language and Hardware Revolution: Measured Power, Performance, and Scaling"
483,458,37.686242,fluidanimate,"Looking Back on the Language and Hardware Revolution: Measured Power, Performance, and Scaling"
484,458,28.26583,raytrace,"Looking Back on the Language and Hardware Revolution: Measured Power, Performance, and Scaling"
485,458,26.7643,streamcluster,"Looking Back on the Language and Hardware Revolution: Measured Power, Performance, and Scaling"
486,458,38.193746,swaptions,"Looking Back on the Language and Hardware Revolution: Measured Power, Performance, and Scaling"
487,458,22.943226,vips,"Looking Back on the Language and Hardware Revolution: Measured Power, Performance, and Scaling"
488,458,20.679398,x264,"Looking Back on the Language and Hardware Revolution: Measured Power, Performance, and Scaling"
489,638,22.0,idle (+PM),http://download.intel.com/design/intarch/PAPERS/324819.pdf
490,638,29.0,idle (-PM),http://download.intel.com/design/intarch/PAPERS/324819.pdf
491,638,55.0,SpecInt2006,http://download.intel.com/design/intarch/PAPERS/324819.pdf
492,638,56.0,L3 fwd,http://download.intel.com/design/intarch/PAPERS/324819.pdf
493,638,56.0,SpecFp2006,http://download.intel.com/design/intarch/PAPERS/324819.pdf
494,638,60.0,IPSec,http://download.intel.com/design/intarch/PAPERS/324819.pdf
495,638,68.0,TDP Workload,http://download.intel.com/design/intarch/PAPERS/324819.pdf
496,365,1.8,idle (+C_STATES),http://download.intel.com/design/intarch/designgd/324956.pdf
497,365,2.2,idle (-C_STATES),http://download.intel.com/design/intarch/designgd/324956.pdf
498,365,3.0,SpecInt2006,http://download.intel.com/design/intarch/designgd/324956.pdf
499,365,2.9,SpecFp2006,http://download.intel.com/design/intarch/designgd/324956.pdf
500,365,3.0,PTU 70%,http://download.intel.com/design/intarch/designgd/324956.pdf
501,365,2.3,Video 720p,http://download.intel.com/design/intarch/designgd/324956.pdf
502,365,2.5,Video 1800p,http://download.intel.com/design/intarch/designgd/324956.pdf
503,365,3.0,3DMarkMobile06,http://download.intel.com/design/intarch/designgd/324956.pdf
504,461,3.5,idle (+PM),ftp://download.intel.com/design/intarch/PAPERS/324818.pdf
505,461,11.0,idle (-PM),ftp://download.intel.com/design/intarch/PAPERS/324818.pdf
506,461,18.7,3DMark06,ftp://download.intel.com/design/intarch/PAPERS/324818.pdf
507,461,26.5,SpecInt1006,ftp://download.intel.com/design/intarch/PAPERS/324818.pdf
508,461,27.7,SpecFp2006,ftp://download.intel.com/design/intarch/PAPERS/324818.pdf
509,461,31.7,TAT,ftp://download.intel.com/design/intarch/PAPERS/324818.pdf
510,371,0.08,idle (+PM),ftp://download.intel.com/design/intarch/PAPERS/324817.pdf
511,371,0.35,idle (-PM),ftp://download.intel.com/design/intarch/PAPERS/324817.pdf
512,371,0.96,Video (720x406),ftp://download.intel.com/design/intarch/PAPERS/324817.pdf
513,371,0.96,3DMark05,ftp://download.intel.com/design/intarch/PAPERS/324817.pdf
514,371,1.26,SpecFp2006,ftp://download.intel.com/design/intarch/PAPERS/324817.pdf
515,371,1.36,SpecInt2006,ftp://download.intel.com/design/intarch/PAPERS/324817.pdf
516,371,1.74,TAT,ftp://download.intel.com/design/intarch/PAPERS/324817.pdf
