spec_int1995_id,processor_id,hw_avail,test_sponsor,hw_model,basemean,peakmean,099_go,124_m88ksim,126_gcc,129_compress,130_li,132_ijpeg,134_perl,147_vortex,link
1,10,2000-03-01,AMD,ASUS K7V-RM mainboard; 1.0 GHz Athlon processor,42.9,42.9,44.2,58.3,39.6,26.6,56.1,37.2,55.3,36.4,http://www.spec.org/cpu95/results/res2000q2/cpu95-20000331-04207.html
2,9,2000-03-01,AMD,ASUS K7V-RM mainboard; 900MHz Athlon processor,37.8,37.8,40.5,45.5,37.5,24.9,44.5,32.5,52.0,32.3,http://www.spec.org/cpu95/results/res2000q2/cpu95-20000328-04179.html
3,10,2000-03-01,AMD,GigaByte GA-7IX mainboard; 1.0GHz Athlon processor,42.0,42.0,44.8,50.4,40.9,27.6,49.3,35.6,57.8,37.3,http://www.spec.org/cpu95/results/res2000q1/cpu95-20000313-04138.html
4,6,1999-12-01,AMD,GigaByte GA-7IX mainboard; 750MHz Athlon processor,32.9,32.9,34.3,37.8,32.5,23.1,37.9,27.6,43.5,31.0,http://www.spec.org/cpu95/results/res99q4/cpu95-19991206-03938.html
5,7,2000-01-01,AMD,GigaByte GA-7IX mainboard; 800MHz Athlon processor,34.9,34.9,36.3,40.3,34.4,24.8,40.5,29.3,45.5,32.7,http://www.spec.org/cpu95/results/res2000q1/cpu95-20000229-04083.html
6,8,2000-02-01,AMD,GigaByte GA-7IX mainboard; 850MHz Athlon processor,36.9,36.9,37.8,42.8,36.5,26.1,42.9,30.7,49.0,34.7,http://www.spec.org/cpu95/results/res2000q1/cpu95-20000229-04084.html
7,3,1999-08-01,AMD,Microstar MS-6167 mainboard; 550MHz Athlon processor,25.0,0.0,25.7,27.7,24.7,19.4,28.8,20.7,31.8,23.9,http://www.spec.org/cpu95/results/res99q3/cpu95-19990711-03744.html
8,4,1999-08-01,AMD,Microstar MS-6167 mainboard; 600MHz Athlon processor,27.2,0.0,27.9,30.0,26.6,21.0,31.5,22.4,35.0,25.6,http://www.spec.org/cpu95/results/res99q3/cpu95-19990711-03746.html
9,5,1999-08-01,AMD,Microstar MS-6167 mainboard; 650MHz Athlon processor,29.3,29.3,30.2,32.8,28.7,22.4,34.1,24.1,37.8,27.4,http://www.spec.org/cpu95/results/res99q3/cpu95-19990914-03866.html
10,191,2000-10-01,Tom Morris,API UP2000 750 MHz,37.0,42.7,36.7,48.5,29.8,29.5,36.6,44.7,33.0,41.3,http://www.spec.org/cpu95/results/res2000q3/cpu95-20000630-04279.html
11,192,2000-10-01,Tom Morris,API UP2000 833 MHz,43.7,49.4,42.4,54.1,35.5,38.0,43.8,50.6,39.3,49.3,http://www.spec.org/cpu95/results/res2000q3/cpu95-20000630-04281.html
12,188,1999-07-01,Alpha Processor; Inc.,UP2000 667 MHz 4MB Windows NT,32.0,32.0,33.5,28.8,32.6,26.3,33.0,37.2,33.1,32.5,http://www.spec.org/cpu95/results/res99q3/cpu95-19990621-03709.html
13,341,1999-10-01,BULL Echirolles France,EPC2400,19.0,20.9,29.3,16.9,19.9,19.8,17.2,13.1,18.8,20.3,http://www.spec.org/cpu95/results/res99q4/cpu95-19991022-03873.html
14,340,2000-03-01,BULL Echirolles France,EPC450,16.7,18.3,25.8,15.0,17.5,17.2,15.2,11.5,16.7,17.8,http://www.spec.org/cpu95/results/res2000q1/cpu95-20000211-04054.html
15,326,1997-05-01,BULL Echirolles France,Escala D204e,7.41,8.44,8.81,7.19,6.74,6.58,6.19,8.61,8.69,6.96,http://www.spec.org/cpu95/results/res97q3/cpu95-970623-01953.html
16,331,1997-10-01,BULL Echirolles France,Escala D204e (320MHz),10.8,12.5,13.6,11.3,9.35,8.6,8.8,12.5,13.5,9.93,http://www.spec.org/cpu95/results/res97q4/cpu95-970924-02146.html
17,322,1996-04-01,BULL Echirolles France,Escala M104,3.76,4.18,4.97,3.36,3.77,3.83,3.34,4.98,2.89,3.41,http://www.spec.org/cpu95/results/res96q1/cpu95-960202-00136.html
18,327,1997-06-01,BULL Echirolles France,Escala Series T,8.62,10.1,10.2,8.15,7.93,7.83,7.23,10.2,9.95,8.08,http://www.spec.org/cpu95/results/res97q3/cpu95-970721-02001.html
19,327,1997-06-01,BULL Echirolles France,Escala Series T,7.79,9.27,8.98,8.13,6.89,6.58,6.75,9.59,9.07,6.97,http://www.spec.org/cpu95/results/res97q3/cpu95-970716-01981.html
20,334,1997-11-01,BULL Echirolles France,Escala Series T (360MHz),12.1,14.2,15.1,12.7,10.5,9.67,9.5,14.4,15.3,11.2,http://www.spec.org/cpu95/results/res97q4/cpu95-971106-02236.html
21,338,1999-09-01,BULL Echirolles France,Escala T430; EPC430 & E230,10.5,11.7,15.7,9.61,10.8,11.1,10.2,7.57,9.2,11.2,http://www.spec.org/cpu95/results/res99q3/cpu95-19990830-03803.html
22,330,1997-11-01,BULL Echirolles France,Estrella 350,10.1,12.0,12.4,10.7,8.7,7.43,8.42,12.3,12.8,9.53,http://www.spec.org/cpu95/results/res97q4/cpu95-971110-02240.html
23,321,1995-11-01,BULL Echirolles France,Estrella MT604-100,3.29,3.59,4.15,3.27,3.3,3.1,2.79,4.5,2.62,3.04,http://www.spec.org/cpu95/results/res96q1/cpu95-960205-00001.html
24,324,1995-11-01,BULL Echirolles France,Estrella MT604-133,4.09,4.51,5.01,4.32,3.94,3.68,3.5,5.79,3.27,3.76,http://www.spec.org/cpu95/results/res96q1/cpu95-960219-00464.html
25,324,1995-11-01,Motorola; Urbana,Estrella MT604-133,4.1,0.0,5.07,4.39,3.74,3.8,3.68,5.59,3.36,3.67,http://www.spec.org/cpu95/results/res96q1/cpu95-960205-00002.html
26,325,1997-02-01,BULL Echirolles France,Estrella Series 300,6.37,7.36,7.61,6.01,6.0,5.27,5.5,7.66,7.39,6.02,http://www.spec.org/cpu95/results/res97q2/cpu95-970428-01831.html
27,326,1997-02-01,BULL Echirolles France,Estrella Series 300,7.6,8.76,9.45,7.23,6.99,6.28,6.42,9.02,8.84,7.27,http://www.spec.org/cpu95/results/res97q2/cpu95-970428-01832.html
28,340,2000-03-01,BULL Echirolles France,T450,16.7,18.3,25.8,15.0,17.5,17.2,15.2,11.5,16.7,17.8,http://www.spec.org/cpu95/results/res2000q1/cpu95-20000211-04053.html
29,572,1999-12-01,Compaq MA,Professional Workstation SP750 (733 MHz),35.5,35.9,36.7,38.5,33.2,23.0,44.5,32.2,39.0,41.8,http://www.spec.org/cpu95/results/res99q4/cpu95-19991025-03884.html
30,187,2000-10-01,Compaq NH,AlphaServer DS10 6/600,30.9,35.3,31.0,40.4,23.7,25.0,31.7,35.6,29.5,33.2,http://www.spec.org/cpu95/results/res2000q3/cpu95-20000630-04259.html
31,188,2000-03-01,Compaq NH,AlphaServer DS20E Model 6/667,35.7,40.1,34.0,43.6,29.3,30.7,35.0,41.4,33.9,40.5,http://www.spec.org/cpu95/results/res2000q1/cpu95-20000313-04092.html
32,184,1999-04-01,Compaq NH,AlphaServer ES40,23.5,27.3,24.7,20.6,21.4,19.9,20.8,27.9,27.0,26.9,http://www.spec.org/cpu95/results/res99q2/cpu95-19990412-03530.html
33,193,2001-01-01,Compaq NH,AlphaServer ES40 6/833,44.6,50.0,42.6,54.5,37.1,37.5,44.5,51.8,42.1,49.8,http://www.spec.org/cpu95/results/res2000q3/cpu95-20000630-04265.html
34,188,2000-02-01,Compaq NH,AlphaServer ES40 Model 6/667,35.6,40.0,34.0,43.3,29.4,30.2,35.2,41.4,34.0,39.3,http://www.spec.org/cpu95/results/res2000q1/cpu95-20000214-04061.html
35,189,1999-10-01,Compaq NH,AlphaServer GS140 Model 6/700,34.7,39.1,33.7,43.4,25.9,27.9,35.4,41.9,33.7,39.7,http://www.spec.org/cpu95/results/res99q3/cpu95-19990830-03821.html
36,190,2000-06-01,Compaq NH,AlphaServer GS160 6/731,36.8,39.5,36.3,47.2,27.8,30.4,37.6,39.2,41.2,38.4,http://www.spec.org/cpu95/results/res2000q2/cpu95-20000511-04243.html
37,190,2000-06-01,Compaq NH,AlphaServer GS320 6/731,36.8,39.5,36.3,47.2,27.8,30.4,37.6,39.2,41.2,38.4,http://www.spec.org/cpu95/results/res2000q3/cpu95-20000629-04255.html
38,189,1999-10-01,Compaq NH,AlphaServer GS60E Model 6/700,34.7,39.1,33.7,43.4,25.9,27.9,35.4,41.9,33.7,39.7,http://www.spec.org/cpu95/results/res99q3/cpu95-19990913-03850.html
39,184,1998-12-01,Digital NH,Compaq AlphaServer DS20,23.6,27.7,25.0,20.6,21.4,20.1,21.1,28.2,27.2,27.2,http://www.spec.org/cpu95/results/res99q1/cpu95-981221-03231.html
40,185,1998-11-01,Digital NH,Compaq AlphaServer GS140 6/525,24.1,27.9,26.2,21.2,21.3,19.9,21.8,28.4,28.5,27.3,http://www.spec.org/cpu95/results/res98q3/cpu95-980914-03070.html
41,185,1998-11-01,Digital NH,Compaq AlphaServer GS60 6/525,24.1,27.8,26.2,21.5,21.2,19.8,21.9,28.1,28.6,27.0,http://www.spec.org/cpu95/results/res98q3/cpu95-980914-03048.html
42,552,1997-12-01,Compaq,Compaq Professional Workstation 6000,12.1,12.1,11.6,11.8,11.7,10.0,12.5,11.8,13.6,14.2,http://www.spec.org/cpu95/results/res97q4/cpu95-971209-02299.html
43,184,1999-02-01,Digital NH,Compaq Professional Workstation XP1000,23.2,26.9,24.9,20.7,21.1,18.8,20.6,28.1,27.0,26.6,http://www.spec.org/cpu95/results/res99q1/cpu95-19990201-03391.html
44,186,1998-11-01,Digital NH,Digital AlphaServer 8200 6/575,25.9,30.1,28.8,23.0,23.0,21.0,22.3,30.5,31.4,29.6,http://www.spec.org/cpu95/results/res98q3/cpu95-980720-03001.html
45,186,1998-11-01,Digital NH,Digital AlphaServer 8400 6/575,26.0,30.3,28.8,23.4,22.7,21.3,22.2,30.8,31.3,29.8,http://www.spec.org/cpu95/results/res98q3/cpu95-980720-03000.html
46,188,1999-08-01,Compaq NH,Professional Workstation XP1000,33.2,37.5,32.4,42.1,25.5,26.8,34.2,38.6,31.7,37.3,http://www.spec.org/cpu95/results/res99q3/cpu95-19990719-03748.html
47,183,1999-05-01,Compaq NH,AlphaServer DS10,21.5,24.6,23.1,19.2,19.1,18.1,19.5,25.5,25.0,24.3,http://www.spec.org/cpu95/results/res99q2/cpu95-19990524-03672.html
48,183,1999-08-01,Compaq NH,Professional Workstation XP900,21.5,24.6,23.1,19.2,19.1,18.1,19.5,25.5,25.0,24.3,http://www.spec.org/cpu95/results/res99q3/cpu95-19990719-03752.html
49,500,1995-06-01,Intel,Dell Dimension XPS (100MHz),3.2,3.2,3.5,3.23,3.29,2.79,3.58,2.31,3.9,3.27,http://www.spec.org/cpu95/results/res9512/p017.html
50,500,1995-06-01,Intel,Dell Dimension XPS (100MHz),3.16,3.16,3.42,3.16,3.16,2.86,3.51,2.31,3.7,3.36,http://www.spec.org/cpu95/results/res96q2/cpu95-960610-00899.html
51,501,1995-06-01,Intel,Dell Dimension XPS (120MHz),3.55,3.55,3.65,3.76,3.56,3.03,4.08,2.67,4.44,3.57,http://www.spec.org/cpu95/results/res9512/p018.html
52,501,1995-06-01,Intel,Dell Dimension XPS (120MHz),3.53,3.53,3.6,3.7,3.42,3.22,4.0,2.67,4.18,3.72,http://www.spec.org/cpu95/results/res96q2/cpu95-960610-00922.html
53,502,1995-06-01,Intel,Dell Dimension XPS (133MHz),3.96,3.96,4.05,4.19,3.95,3.43,4.54,2.97,4.92,3.96,http://www.spec.org/cpu95/results/res9512/p019.html
54,502,1995-06-01,Intel,Dell Dimension XPS (133MHz),3.9,3.9,4.02,4.1,3.78,3.45,4.42,2.96,4.62,4.08,http://www.spec.org/cpu95/results/res96q2/cpu95-960610-00905.html
55,503,1996-01-01,Intel,Dell Dimension XPS (150MHz),4.05,4.05,3.84,4.55,3.97,3.42,4.81,3.17,5.14,3.92,http://www.spec.org/cpu95/results/res96q2/cpu95-960610-00924.html
56,504,1996-01-01,Intel,Dell Dimension XPS (166MHz),4.52,4.52,4.47,5.04,4.37,3.81,5.3,3.52,5.76,4.37,http://www.spec.org/cpu95/results/res96q2/cpu95-960610-00926.html
57,505,1996-06-01,Intel,Dell Dimension XPS (200MHz),5.0,5.0,4.66,5.9,4.82,4.0,5.94,4.04,6.48,4.73,http://www.spec.org/cpu95/results/res96q2/cpu95-960610-00907.html
58,509,1995-06-01,Intel,Dell Dimension XPS (75MHz),2.39,2.39,2.59,2.4,2.45,2.09,2.69,1.72,2.91,2.46,http://www.spec.org/cpu95/results/res96q2/cpu95-960610-00919.html
59,510,1995-06-01,Intel,Dell Dimension XPS (90MHz),2.88,2.88,3.12,2.9,2.96,2.5,3.26,2.08,3.51,2.94,http://www.spec.org/cpu95/results/res96q2/cpu95-960610-00923.html
60,502,1997-01-01,Intel,Dell Dimension XPS (Model 's'; 133MHz),4.0,4.0,4.13,4.19,3.98,3.51,4.61,2.97,4.91,4.01,http://www.spec.org/cpu95/results/res97q1/cpu95-970120-01599.html
61,503,1997-01-01,Intel,Dell Dimension XPS (Model 's'; 150MHz),4.1,4.1,4.01,4.54,3.99,3.47,4.84,3.18,5.14,4.0,http://www.spec.org/cpu95/results/res97q1/cpu95-970120-01597.html
62,504,1997-01-01,Intel,Dell Dimension XPS (Model 's'; 166MHz),4.56,4.56,4.43,5.05,4.41,3.89,5.39,3.54,5.75,4.45,http://www.spec.org/cpu95/results/res97q1/cpu95-970120-01607.html
63,504,1997-01-01,Intel,Dell Dimension XPS (Model 's'; 166MHz; Intel MMX technology),5.59,5.59,6.5,6.05,5.78,3.99,6.27,3.57,7.77,6.03,http://www.spec.org/cpu95/results/res97q1/cpu95-970120-01605.html
64,505,1997-01-01,Intel,Dell Dimension XPS (Model 's'; 200MHz),5.1,5.1,4.85,5.89,4.84,4.11,6.19,4.06,6.57,4.88,http://www.spec.org/cpu95/results/res97q1/cpu95-970120-01602.html
65,505,1997-01-01,Intel,Dell Dimension XPS (Model 's'; 200MHz; Intel MMX technology),6.41,6.41,7.19,7.24,6.47,4.55,7.18,4.16,9.17,6.79,http://www.spec.org/cpu95/results/res97q1/cpu95-970120-01603.html
66,587,1996-06-01,Intel,Dell Dimension XPS Pro180n (150MHz),6.25,6.25,6.26,5.83,6.05,4.99,6.56,6.32,6.84,7.43,http://www.spec.org/cpu95/results/res96q2/cpu95-960610-00942.html
67,589,1996-06-01,Intel,Dell Dimension XPS Pro180n (180MHz),7.28,7.28,7.27,7.0,7.16,5.12,7.88,7.5,8.2,8.71,http://www.spec.org/cpu95/results/res96q2/cpu95-960610-00946.html
68,552,1998-08-01,Intel,Dell Dimension XPS Pro180n (300MHz),12.2,12.2,12.3,11.8,11.7,9.95,12.9,11.9,13.9,13.9,http://www.spec.org/cpu95/results/res98q3/cpu95-980817-03015.html
69,590,1996-06-01,Intel,Dell Dimension XPS Pro200n,8.2,8.2,8.3,7.77,7.95,6.22,8.7,8.37,9.11,9.66,http://www.spec.org/cpu95/results/res96q2/cpu95-960610-00950.html
70,590,1995-12-01,Intel Corporation,Dell Dimension XPS Pro200n (200MHz; Win/NT),8.08,8.08,8.06,7.76,7.92,6.24,8.52,8.13,8.72,9.76,http://www.spec.org/cpu95/results/res98q1/cpu95-980302-02540.html
71,553,1998-08-01,Intel,Dell Dimension XPS Pro200n (333MHz),13.5,13.5,13.7,13.1,13.1,10.4,14.5,13.3,15.4,15.5,http://www.spec.org/cpu95/results/res98q3/cpu95-980817-03016.html
72,554,1998-04-01,Dell,Dell Precision WorkStation 410,13.4,13.4,12.5,13.8,13.0,10.4,13.8,13.8,15.6,15.3,http://www.spec.org/cpu95/results/res98q2/cpu95-980411-02592.html
73,555,1998-04-01,Dell,Dell Precision WorkStation 410,15.3,15.3,14.6,15.7,14.8,11.8,15.8,15.5,17.8,17.3,http://www.spec.org/cpu95/results/res98q2/cpu95-980411-02593.html
74,556,1998-08-01,Dell,Precision WorkStation 410 (450MHz),17.5,17.5,16.2,17.9,16.5,14.8,18.6,17.3,20.3,19.4,http://www.spec.org/cpu95/results/res98q3/cpu95-980831-03018.html
75,569,1999-12-01,Arrian Mehis,Precision WorkStation 410 (650 MHz),31.2,31.6,32.1,33.2,29.1,20.6,38.8,27.9,34.5,37.1,http://www.spec.org/cpu95/results/res99q4/cpu95-19991108-03916.html
76,571,1999-12-01,Arrian Mehis,Precision WorkStation 410 (700 MHz),33.3,33.8,34.4,35.5,31.1,21.6,41.7,29.9,37.1,39.5,http://www.spec.org/cpu95/results/res99q4/cpu95-19991108-03911.html
77,573,1999-12-01,Dell Computer Corporation,Precision WorkStation 410 (750 MHz),35.5,36.0,37.1,38.5,32.5,22.7,45.0,31.9,39.9,41.9,http://www.spec.org/cpu95/results/res2000q1/cpu95-20000117-04005.html
78,574,2000-01-01,Dell; Round Rock; TX,Precision WorkStation 420,38.8,38.9,39.7,43.8,35.8,24.2,48.5,34.8,44.6,44.9,http://www.spec.org/cpu95/results/res2000q2/cpu95-20000327-04154.html
79,576,2000-03-01,Dell; Round Rock; TX,Precision WorkStation 420,41.5,41.7,43.2,46.9,38.4,25.3,52.6,37.3,48.3,47.6,http://www.spec.org/cpu95/results/res2000q2/cpu95-20000327-04157.html
80,568,1999-12-01,Arrian Mehis,Precision WorkStation 420 (600 MHz),29.7,30.0,30.0,31.6,27.7,20.4,36.6,26.8,32.1,35.7,http://www.spec.org/cpu95/results/res99q4/cpu95-19991108-03913.html
81,572,1999-12-01,Arrian Mehis,Precision WorkStation 420 (733 MHz),35.2,35.7,36.4,37.6,33.0,22.9,43.9,31.7,39.0,41.7,http://www.spec.org/cpu95/results/res99q4/cpu95-19991108-03912.html
82,574,2000-01-01,Dell Computer Corporation,Precision WorkStation 420 (800 MHz),38.2,38.7,39.8,41.0,36.1,24.3,48.0,34.7,42.6,44.7,http://www.spec.org/cpu95/results/res2000q1/cpu95-20000117-04004.html
83,556,1998-10-01,Dell,Precision WorkStation 610 (450MHz),18.8,18.8,18.7,17.9,18.0,16.9,19.8,17.7,20.7,21.6,http://www.spec.org/cpu95/results/res98q4/cpu95-981012-03110.html
84,565,1999-03-01,Dell,Precision Workstation 410 (450MHz),18.5,18.5,18.9,19.0,16.8,13.8,21.8,17.8,20.7,21.0,http://www.spec.org/cpu95/results/res99q2/cpu95-19990329-03474.html
85,566,1999-03-01,Dell,Precision Workstation 410 (500MHz),20.5,20.5,20.9,21.0,18.6,15.1,24.2,19.5,23.1,23.0,http://www.spec.org/cpu95/results/res99q2/cpu95-19990329-03486.html
86,567,1999-08-01,Dell,Precision Workstation 410 (550MHz),22.6,22.6,22.6,24.9,19.7,18.3,26.0,21.2,24.8,24.6,http://www.spec.org/cpu95/results/res99q3/cpu95-19990830-03826.html
87,568,1999-08-01,Dell,Precision Workstation 410 (600MHz),24.6,24.6,24.6,27.2,21.4,19.9,28.2,23.0,27.1,26.5,http://www.spec.org/cpu95/results/res99q3/cpu95-19990830-03830.html
88,555,1998-06-01,Dell,Precision Workstation 610,16.3,16.3,16.4,15.8,16.0,13.6,16.6,15.9,18.0,19.2,http://www.spec.org/cpu95/results/res98q3/cpu95-980706-02853.html
89,555,1998-06-01,Dell,Precision Workstation 610,16.6,16.6,16.4,15.8,16.2,14.3,16.6,15.9,18.2,19.8,http://www.spec.org/cpu95/results/res98q3/cpu95-980706-02859.html
90,556,1999-01-01,Dell,Precision Workstation 610 (450MHz),19.0,19.0,18.7,17.9,18.3,17.1,19.7,17.7,20.7,22.2,http://www.spec.org/cpu95/results/res99q1/cpu95-19990104-03256.html
91,566,1999-03-01,Dell,Precision Workstation 610 (500MHz),22.0,22.0,22.5,21.3,20.3,18.0,25.4,20.1,23.8,26.3,http://www.spec.org/cpu95/results/res99q2/cpu95-19990329-03488.html
92,566,1999-03-01,Dell,Precision Workstation 610 (500MHz),21.6,21.6,22.4,21.3,19.9,16.5,25.4,20.0,23.8,25.2,http://www.spec.org/cpu95/results/res99q2/cpu95-19990329-03490.html
93,567,1999-08-01,Dell,Precision Workstation 610 (550MHz),24.4,24.4,24.6,25.2,21.9,20.8,27.7,21.7,25.7,28.5,http://www.spec.org/cpu95/results/res99q3/cpu95-19990830-03822.html
94,567,1999-04-01,Dell,Precision Workstation 610 (550MHz),24.2,24.2,24.6,25.2,21.6,20.6,27.7,21.8,25.8,27.4,http://www.spec.org/cpu95/results/res99q2/cpu95-19990426-03548.html
95,177,1997-11-01,Digital NH,Alpha PC164SX,12.2,12.4,11.2,16.0,13.1,11.5,9.46,15.5,11.6,10.6,http://www.spec.org/cpu95/results/res97q4/cpu95-971110-02242.html
96,157,1996-03-01,Digital NH,AlphaServer 1000A 4/266,3.96,4.34,5.83,3.76,3.64,3.97,3.29,4.19,4.11,3.34,http://www.spec.org/cpu95/results/res96q1/cpu95-960205-00293.html
97,157,1996-03-01,Digital NH,AlphaServer 1000A 4/266,3.96,4.34,5.83,3.76,3.64,3.97,3.29,4.19,4.11,3.34,http://www.spec.org/cpu95/results/res96q1/cpu95-960205-00439.html
98,166,1996-07-01,Digital NH,AlphaServer 1000A 5/300,7.07,8.48,9.25,7.18,6.07,6.21,6.75,6.73,7.66,7.13,http://www.spec.org/cpu95/results/res96q3/cpu95-960722-01086.html
99,167,1996-11-01,Digital NH,AlphaServer 1000A 5/333,8.41,10.1,10.5,8.71,6.75,7.96,7.5,10.1,8.17,8.23,http://www.spec.org/cpu95/results/res96q4/cpu95-961110-01473.html
100,171,1996-11-01,Digital NH,AlphaServer 1000A 5/400,9.61,11.5,11.8,10.3,7.45,8.8,8.65,12.1,9.3,9.38,http://www.spec.org/cpu95/results/res96q4/cpu95-961110-01469.html
101,176,1997-04-01,Digital NH,AlphaServer 1000A 5/500,11.6,14.4,10.5,12.9,9.91,11.0,10.5,15.7,10.9,12.1,http://www.spec.org/cpu95/results/res97q2/cpu95-970331-01723.html
102,177,1997-10-01,Digital NH,AlphaServer 1200 5/533,15.1,16.6,17.7,15.6,13.3,12.8,12.5,16.5,18.5,15.2,http://www.spec.org/cpu95/results/res97q4/cpu95-971027-02207.html
103,170,1996-10-01,Digital NH,AlphaServer 2000 5/375,9.82,11.5,12.2,9.45,8.0,9.47,8.02,11.8,11.0,9.56,http://www.spec.org/cpu95/results/res96q4/cpu95-961014-01337.html
104,163,1995-07-01,Digital NH,AlphaServer 2100 5/250,5.96,5.96,8.22,5.86,5.26,5.63,5.25,5.61,6.23,6.07,http://www.spec.org/cpu95/results/res9509/p018.html
105,165,1996-01-01,Digital NH,AlphaServer 2100 5/300,7.03,7.03,9.85,7.03,6.11,6.5,6.23,6.5,7.99,6.72,http://www.spec.org/cpu95/results/res9512/p020.html
106,165,1996-01-01,Digital NH,AlphaServer 2100 5/300,7.03,7.03,9.85,7.03,6.11,6.5,6.23,6.5,7.99,6.72,http://www.spec.org/cpu95/results/res96q1/cpu95-960205-00215.html
107,170,1996-10-01,Digital NH,AlphaServer 2100A 5/375,9.82,11.5,12.2,9.45,8.0,9.47,8.02,11.8,11.0,9.56,http://www.spec.org/cpu95/results/res96q4/cpu95-961014-01343.html
108,171,1996-09-01,Digital NH,AlphaServer 4000 5/400,10.1,12.1,12.3,10.0,8.85,8.66,8.85,10.9,11.8,9.79,http://www.spec.org/cpu95/results/res96q4/cpu95-960912-01305.html
109,174,1997-02-01,Digital NH,AlphaServer 4000 5/466,12.1,14.1,15.1,12.2,10.3,10.3,10.2,14.5,13.6,12.0,http://www.spec.org/cpu95/results/res97q1/cpu95-970207-01661.html
110,177,1997-10-01,Digital NH,AlphaServer 4000 5/533,15.0,16.6,17.8,14.8,13.3,12.8,12.4,16.5,18.2,15.1,http://www.spec.org/cpu95/results/res97q4/cpu95-971027-02194.html
111,178,1998-04-01,Digital NH,AlphaServer 4000 5/600,17.0,18.8,20.2,16.8,15.2,14.9,14.3,18.5,19.5,17.3,http://www.spec.org/cpu95/results/res97q4/cpu95-971013-02186.html
112,166,1996-05-01,Digital NH,AlphaServer 4100 5/300,7.39,8.11,9.87,7.11,6.68,5.8,6.69,7.26,9.28,7.22,http://www.spec.org/cpu95/results/res96q2/cpu95-960506-00774.html
113,166,1996-05-01,Digital NH,AlphaServer 4100 5/300E,6.48,7.15,8.52,7.01,5.57,4.2,5.8,7.16,8.41,6.41,http://www.spec.org/cpu95/results/res96q2/cpu95-960506-00791.html
114,171,1996-09-01,Digital NH,AlphaServer 4100 5/400,10.1,12.1,12.3,10.0,8.85,8.66,8.85,10.9,11.8,9.79,http://www.spec.org/cpu95/results/res96q3/cpu95-960829-01181.html
115,174,1997-02-01,Digital NH,AlphaServer 4100 5/466,12.1,14.1,15.1,12.2,10.3,10.3,10.2,14.5,13.6,12.0,http://www.spec.org/cpu95/results/res97q1/cpu95-970207-01657.html
116,177,1997-10-01,Digital NH,AlphaServer 4100 5/533,15.0,16.6,17.8,14.8,13.3,12.8,12.4,16.5,18.2,15.1,http://www.spec.org/cpu95/results/res97q4/cpu95-971027-02208.html
117,178,1998-04-01,Digital NH,AlphaServer 4100 5/600,17.0,18.8,20.2,16.8,15.2,14.9,14.3,18.5,19.5,17.3,http://www.spec.org/cpu95/results/res97q4/cpu95-971013-02183.html
118,171,1997-04-01,Digital NH,AlphaServer 800 5/400,10.2,11.7,12.6,10.5,8.29,8.96,8.72,12.3,11.0,9.79,http://www.spec.org/cpu95/results/res97q2/cpu95-970331-01719.html
119,176,1997-10-01,Digital NH,AlphaServer 800 5/500,13.2,14.2,14.5,14.5,11.0,10.9,11.2,14.9,16.0,13.4,http://www.spec.org/cpu95/results/res97q4/cpu95-971027-02205.html
120,166,1995-04-01,Digital PKO,AlphaServer 8200 5/300,7.43,7.43,10.1,7.12,6.74,6.8,6.81,6.89,8.05,7.43,http://www.spec.org/cpu95/results/res9512/p021.html
121,168,1996-03-01,Digital NH,AlphaServer 8200 5/350,8.82,10.1,11.5,8.67,8.34,7.69,7.94,7.91,10.7,8.46,http://www.spec.org/cpu95/results/res96q1/cpu95-960205-00217.html
122,173,1996-09-01,Digital NH,AlphaServer 8200 5/440,11.2,13.6,12.8,11.1,9.92,10.8,9.66,12.0,12.7,10.8,http://www.spec.org/cpu95/results/res96q3/cpu95-960805-01150.html
123,179,1997-11-01,Digital NH,AlphaServer 8200 5/625,16.5,18.4,20.0,16.8,14.5,14.4,14.0,18.2,18.7,16.6,http://www.spec.org/cpu95/results/res97q4/cpu95-971010-02162.html
124,166,1995-04-01,Digital PKO,AlphaServer 8400 5/300,7.43,7.43,10.1,7.12,6.74,6.8,6.81,6.89,8.05,7.43,http://www.spec.org/cpu95/results/res9512/p022.html
125,168,1996-03-01,Digital NH,AlphaServer 8400 5/350,8.82,10.1,11.5,8.67,8.34,7.69,7.94,7.91,10.7,8.46,http://www.spec.org/cpu95/results/res96q1/cpu95-960205-00218.html
126,173,1996-09-01,Digital NH,AlphaServer 8400 5/440,11.2,13.6,12.8,11.1,9.92,10.8,9.66,12.0,12.7,10.8,http://www.spec.org/cpu95/results/res96q3/cpu95-960805-01154.html
127,179,1997-11-01,Digital NH,AlphaServer 8400 5/625,16.5,18.4,20.0,16.8,14.5,14.4,14.0,18.2,18.7,16.6,http://www.spec.org/cpu95/results/res97q4/cpu95-971010-02163.html
128,148,1994-12-01,Digital NH,AlphaStation 200 4/100,1.57,1.88,2.16,1.56,1.41,1.5,1.5,1.65,1.62,1.26,http://www.spec.org/cpu95/results/res9509/p019.html
129,148,1995-07-01,Digital NH,AlphaStation 200 4/100,1.48,1.48,2.05,1.41,1.33,1.48,1.46,1.56,1.47,1.23,http://www.spec.org/cpu95/results/res96q3/cpu95-960708-01057.html
130,151,1994-12-01,Digital NH,AlphaStation 200 4/166,2.45,2.95,3.37,2.55,2.07,2.34,2.35,2.65,2.53,1.98,http://www.spec.org/cpu95/results/res9509/p020.html
131,151,1995-07-01,Digital NH,AlphaStation 200 4/166,2.31,2.31,3.33,2.27,1.92,2.28,2.27,2.52,2.22,1.9,http://www.spec.org/cpu95/results/res96q3/cpu95-960708-01040.html
132,156,1994-12-01,Digital NH,AlphaStation 200 4/233,3.45,4.28,4.99,4.19,2.85,3.09,2.99,3.75,3.67,2.67,http://www.spec.org/cpu95/results/res9509/p021.html
133,156,1995-07-01,Digital NH,AlphaStation 200 4/233,3.39,3.39,4.79,3.71,2.77,3.06,2.99,3.62,3.87,2.74,http://www.spec.org/cpu95/results/res96q3/cpu95-960708-01060.html
134,157,1995-03-01,Digital NH,AlphaStation 250 4/266,4.25,5.18,6.22,4.85,3.94,4.06,3.53,4.47,4.24,3.28,http://www.spec.org/cpu95/results/res9509/p022.html
135,157,1995-07-01,Digital NH,AlphaStation 250 4/266,4.18,4.18,6.12,4.33,3.8,4.1,3.52,4.28,4.41,3.37,http://www.spec.org/cpu95/results/res96q3/cpu95-960708-01056.html
136,156,1996-03-01,Digital NH,AlphaStation 255/233,3.48,4.27,4.83,4.05,3.15,3.43,2.89,3.8,3.45,2.67,http://www.spec.org/cpu95/results/res96q3/cpu95-960708-01047.html
137,159,1996-03-01,Digital NH,AlphaStation 255/300,4.31,5.23,6.26,5.11,3.82,4.32,3.51,4.76,4.2,3.23,http://www.spec.org/cpu95/results/res96q3/cpu95-960708-01041.html
138,164,1996-03-01,Digital NH,AlphaStation 500/266,6.53,7.93,7.98,6.41,6.11,5.9,6.18,6.09,7.11,6.67,http://www.spec.org/cpu95/results/res96q3/cpu95-960708-01016.html
139,167,1996-03-01,Digital NH,AlphaStation 500/333,8.38,9.82,11.3,8.19,7.49,7.36,7.73,7.56,9.93,8.24,http://www.spec.org/cpu95/results/res96q2/cpu95-960610-00914.html
140,171,1996-06-01,Digital NH,AlphaStation 500/400,9.77,12.3,11.5,9.92,8.63,9.79,8.98,10.7,9.54,9.43,http://www.spec.org/cpu95/results/res96q2/cpu95-960513-00804.html
141,176,1996-10-01,Digital NH,AlphaStation 500/500,12.6,15.0,16.0,12.6,10.7,11.2,10.7,13.9,14.3,12.1,http://www.spec.org/cpu95/results/res96q3/cpu95-960829-01187.html
142,164,1995-07-01,Digital NH,AlphaStation 600 5/266,6.57,7.91,8.55,6.36,6.17,5.92,6.07,6.11,6.98,6.75,http://www.spec.org/cpu95/results/res9509/p023.html
143,164,1995-05-01,Digital NH,AlphaStation 600 5/266,6.32,7.29,6.86,6.43,6.08,5.9,6.0,6.05,6.66,6.62,http://www.spec.org/cpu95/results/res9509/p024.html
144,164,1995-07-01,Digital NH,AlphaStation 600 5/266,6.3,6.3,8.81,6.22,5.51,5.73,5.68,6.08,6.49,6.35,http://www.spec.org/cpu95/results/res96q3/cpu95-960708-01007.html
145,164,1995-07-01,Digital NH,AlphaStation 600 5/266,6.43,6.43,8.6,6.45,5.72,5.93,5.82,6.16,6.58,6.62,http://www.spec.org/cpu95/results/res96q1/cpu95-960205-00228.html
146,166,1995-07-01,Digital NH,AlphaStation 600 5/300,7.33,7.33,10.3,7.17,6.38,6.66,6.57,6.91,7.92,7.39,http://www.spec.org/cpu95/results/res9509/p025.html
147,167,1996-01-01,Digital NH,AlphaStation 600 5/333,8.36,9.78,11.2,8.2,7.54,7.29,7.47,7.63,9.81,8.38,http://www.spec.org/cpu95/results/res96q2/cpu95-960610-00920.html
148,167,1996-01-01,Digital NH,AlphaStation 600 5/333,8.42,9.23,11.4,8.18,7.64,7.38,7.59,7.65,9.85,8.36,http://www.spec.org/cpu95/results/res96q1/cpu95-960205-00220.html
149,150,1992-11-01,Digital NH,DEC 3000 Model 500,2.15,2.15,2.76,2.1,1.98,2.22,2.08,2.34,2.09,1.79,http://www.spec.org/cpu95/results/res9509/p015.html
150,155,1994-07-01,Digital NH,DEC 3000 Model 700,3.66,3.66,5.19,3.76,3.44,3.54,3.11,3.68,3.91,3.03,http://www.spec.org/cpu95/results/res9509/p016.html
151,158,1994-07-01,Digital NH,DEC 3000 Model 900,4.24,4.24,5.99,4.46,3.9,4.2,3.5,4.39,4.38,3.54,http://www.spec.org/cpu95/results/res9509/p017.html
152,171,1998-01-01,Digital NH,DIGITAL Server 3300 6400A,12.3,12.4,12.7,13.9,12.9,10.7,11.2,12.4,13.1,11.6,http://www.spec.org/cpu95/results/res98q2/cpu95-980325-02581.html
153,176,1998-01-01,Digital NH,DIGITAL Server 3305 6500A,14.4,14.7,15.8,14.6,14.9,13.1,13.4,15.1,16.3,12.7,http://www.spec.org/cpu95/results/res98q1/cpu95-980202-02385.html
154,177,1998-01-01,Digital NH,DIGITAL Server 5305 6533A,15.9,16.2,16.9,15.6,16.9,15.0,14.6,16.6,17.5,14.4,http://www.spec.org/cpu95/results/res98q1/cpu95-980202-02389.html
155,177,1998-01-01,Digital NH,DIGITAL Server 7305 6533A,16.8,16.9,17.5,18.6,17.8,15.1,15.1,17.1,17.8,15.9,http://www.spec.org/cpu95/results/res98q2/cpu95-980325-02580.html
156,178,1998-07-01,Digital NH,DIGITAL Server 7310 6600A,19.2,19.3,19.8,20.9,20.6,17.5,17.2,19.2,20.1,18.5,http://www.spec.org/cpu95/results/res98q2/cpu95-980325-02573.html
157,169,1998-04-01,Digital NH,Digital Alpha VME 5/352,9.33,10.7,8.6,9.49,8.47,8.39,8.11,10.7,11.8,9.66,http://www.spec.org/cpu95/results/res98q1/cpu95-980302-02548.html
158,175,1998-04-01,Digital NH,Digital Alpha VME 5/480,12.4,13.6,14.8,13.0,10.3,9.96,10.2,14.2,15.6,12.3,http://www.spec.org/cpu95/results/res98q1/cpu95-980302-02551.html
159,167,1995-10-01,Digital NH,Digital EB164,8.08,8.08,10.8,8.16,6.99,7.41,7.37,7.67,8.54,8.24,http://www.spec.org/cpu95/results/res9512/p023.html
160,177,1997-10-01,Digital NH,AlphaServer 1200 5/533,16.7,16.8,17.2,18.5,17.6,15.0,15.0,16.8,18.0,15.9,http://www.spec.org/cpu95/results/res98q2/cpu95-980428-02746.html
161,177,1997-10-01,Digital NH,AlphaServer 4100 5/533,16.8,16.9,17.5,18.6,17.8,15.1,15.1,17.1,17.8,15.9,http://www.spec.org/cpu95/results/res98q2/cpu95-980428-02740.html
162,171,1997-04-01,Digital NH,AlphaServer 800 5/400,12.3,12.4,12.7,13.9,12.9,10.7,11.2,12.4,13.1,11.6,http://www.spec.org/cpu95/results/res98q2/cpu95-980428-02742.html
163,176,1997-10-01,Digital NH,AlphaServer 800 5/500,14.4,14.7,15.8,14.6,14.9,13.1,13.4,15.1,16.3,12.7,http://www.spec.org/cpu95/results/res98q2/cpu95-980428-02748.html
164,172,1997-01-01,Digital NH,DIGITAL Personal Workstation 433a,12.3,0.0,14.3,10.9,12.3,13.0,11.2,13.3,12.9,10.5,http://www.spec.org/cpu95/results/res97q2/cpu95-970423-01815.html
165,172,1997-05-01,Digital NH,DIGITAL Personal Workstation 433au,12.1,13.9,14.3,11.9,10.7,10.5,10.5,13.2,14.6,11.6,http://www.spec.org/cpu95/results/res97q2/cpu95-970423-01828.html
166,176,1997-04-01,Digital NH,DIGITAL Personal Workstation 500a,13.9,0.0,16.4,12.6,13.8,14.8,12.9,15.3,14.5,11.7,http://www.spec.org/cpu95/results/res97q2/cpu95-970423-01820.html
167,176,1997-05-01,Digital NH,DIGITAL Personal Workstation 500au,13.7,15.7,16.4,13.7,11.5,11.9,11.9,15.3,16.7,13.3,http://www.spec.org/cpu95/results/res97q2/cpu95-970423-01824.html
168,178,1997-08-01,Digital NH,DIGITAL Personal Workstation 600a,16.3,0.0,19.0,15.2,15.9,16.4,15.2,18.1,17.3,13.6,http://www.spec.org/cpu95/results/res97q2/cpu95-970512-01866.html
169,178,1997-08-01,Digital NH,DIGITAL Personal Workstation 600au,16.0,18.4,19.1,16.5,13.6,13.3,13.9,18.2,19.6,15.3,http://www.spec.org/cpu95/results/res97q2/cpu95-970512-01871.html
170,205,1998-12-01,FUJITSU LIMITED,GP7000F Model200 225,11.0,14.0,12.5,8.83,13.5,11.3,10.1,11.2,11.0,10.5,http://www.spec.org/cpu95/results/res99q1/cpu95-19990201-03403.html
171,206,1998-12-01,FUJITSU LIMITED,GP7000F Model200 250,12.5,15.9,14.1,9.79,15.2,12.8,11.1,12.7,12.3,12.7,http://www.spec.org/cpu95/results/res99q1/cpu95-19990201-03399.html
172,207,1999-07-01,FUJITSU LIMITED,GP7000F Model200 275,13.6,17.6,15.3,10.9,16.6,14.0,11.4,13.9,13.7,13.6,http://www.spec.org/cpu95/results/res99q2/cpu95-19990601-03676.html
173,207,1998-12-01,FUJITSU LIMITED,GP7000F Model600 275,13.7,17.6,15.5,10.7,16.7,14.1,11.8,14.2,13.2,14.1,http://www.spec.org/cpu95/results/res99q1/cpu95-19990201-03394.html
174,208,1999-08-01,FUJITSU LIMITED,GP7000F Model600 300,14.7,19.2,15.0,11.9,18.0,15.3,12.8,15.4,14.8,15.3,http://www.spec.org/cpu95/results/res99q2/cpu95-19990601-03679.html
175,550,1997-06-01,Fujitsu,teamserver C760i,9.58,9.58,8.83,9.19,8.95,8.32,10.1,9.53,10.9,11.2,http://www.spec.org/cpu95/results/res97q2/cpu95-970530-01889.html
176,551,1997-06-01,Fujitsu,teamserver C770i,10.8,10.8,10.0,10.5,10.1,8.61,11.5,10.8,12.4,12.6,http://www.spec.org/cpu95/results/res97q2/cpu95-970530-01887.html
177,551,1997-06-01,Fujitsu,teamserver G770i,10.7,10.8,9.94,10.5,10.0,8.74,11.3,10.8,12.4,12.7,http://www.spec.org/cpu95/results/res97q2/cpu95-970530-01881.html
178,588,1996-06-01,ICL,superserver J630i,7.28,7.28,6.95,6.5,6.95,7.4,7.57,7.06,7.47,8.51,http://www.spec.org/cpu95/results/res96q2/cpu95-960429-00748.html
179,590,1996-07-01,ICL,superserver J650i,8.71,8.71,8.54,7.8,8.22,8.21,9.29,8.42,9.11,10.3,http://www.spec.org/cpu95/results/res96q2/cpu95-960529-00821.html
180,572,1999-12-01,Fujitsu Siemens Computers,CELSIUS 650,35.5,35.9,36.9,38.6,33.5,22.6,44.7,32.2,39.1,41.6,http://www.spec.org/cpu95/results/res2000q1/cpu95-19991220-03945.html
181,500,1995-05-01,Intel,Gateway P5-100,3.05,3.05,3.07,3.16,3.09,2.6,3.44,2.3,3.7,3.28,http://www.spec.org/cpu95/results/res9512/p024.html
182,234,1996-11-01,HAL Computer Systems,Fujitsu HALstation 300,6.93,7.51,8.5,5.35,8.08,5.09,6.24,7.43,7.57,8.13,http://www.spec.org/cpu95/results/res97q2/cpu95-970414-01778.html
183,235,1996-11-01,HAL Computer Systems,Fujitsu HALstation 300,7.83,8.51,9.67,6.11,9.14,5.48,7.07,8.47,8.64,9.21,http://www.spec.org/cpu95/results/res97q2/cpu95-970414-01792.html
184,234,1996-11-01,HAL Computer Systems,Fujitsu HALstation 300,6.82,7.43,8.1,5.17,7.97,5.11,6.13,7.62,7.4,7.91,http://www.spec.org/cpu95/results/res96q4/cpu95-961029-01428.html
185,235,1996-11-01,HAL Computer Systems,Fujitsu HALstation 300,7.7,8.39,9.23,5.91,9.01,5.5,6.98,8.7,8.45,8.96,http://www.spec.org/cpu95/results/res96q4/cpu95-961029-01432.html
186,233,1995-10-01,HAL Computer Systems,Fujitsu HALstation 300,4.59,5.08,5.89,3.32,5.49,3.53,3.7,5.6,5.0,5.03,http://www.spec.org/cpu95/results/res96q2/cpu95-960513-00806.html
187,232,1995-10-01,HAL Computer Systems,Fujitsu HALstation 300,3.97,4.41,5.05,2.84,4.68,3.31,3.17,4.79,4.27,4.32,http://www.spec.org/cpu95/results/res96q2/cpu95-960513-00808.html
188,263,1999-05-01,HP Fort Collins; CO,HP 9000 Model B1000,21.6,24.1,23.3,22.9,19.3,21.0,22.5,18.4,19.3,27.4,http://www.spec.org/cpu95/results/res99q3/cpu95-19990816-03767.html
189,266,1999-05-01,HP Fort Collins; CO,HP 9000 Model C3000,28.5,31.8,31.1,30.5,25.4,27.6,30.1,24.1,25.8,35.2,http://www.spec.org/cpu95/results/res99q3/cpu95-19990816-03769.html
190,263,1999-05-01,HP Fort Collins; CO,HP 9000 Model B1000,20.4,22.4,22.4,23.3,18.5,20.3,22.7,18.0,16.5,22.6,http://www.spec.org/cpu95/results/res99q2/cpu95-19990524-03664.html
191,267,2000-01-01,HP Fort Collins,HP 9000 Model B2000,29.0,31.8,31.1,30.3,25.5,27.6,29.6,24.0,26.3,40.3,http://www.spec.org/cpu95/results/res2000q1/cpu95-20000313-04127.html
192,253,1995-11-01,HP Cupertino; CA,HP 9000 Model C100,4.5,4.98,6.17,3.87,4.54,4.05,4.63,3.85,4.45,4.82,http://www.spec.org/cpu95/results/res9512/p026.html
193,253,1995-11-01,HP Cupertino; CA,HP 9000 Model C100,3.67,3.67,6.19,3.17,4.19,3.67,3.59,2.77,3.27,3.36,http://www.spec.org/cpu95/results/res96q4/cpu95-960903-01266.html
194,254,1995-11-01,HP Cupertino; CA,HP 9000 Model C110,5.42,6.0,7.42,4.66,5.47,4.89,5.58,4.64,5.35,5.86,http://www.spec.org/cpu95/results/res9512/p027.html
195,254,1995-11-01,HP Cupertino; CA,HP 9000 Model C110,4.41,4.41,7.45,3.8,5.05,4.42,4.28,3.33,3.91,4.03,http://www.spec.org/cpu95/results/res96q4/cpu95-960903-01262.html
196,258,1996-06-01,HP Cupertino; CA,HP 9000 Model C160,9.45,10.4,10.1,10.4,7.93,9.43,10.1,8.89,9.15,9.85,http://www.spec.org/cpu95/results/res96q2/cpu95-960607-00858.html
197,259,1996-06-01,HP Cupertino; CA,HP 9000 Model C180-XP,10.8,11.8,11.9,11.7,9.37,10.9,11.3,10.0,10.4,10.9,http://www.spec.org/cpu95/results/res96q2/cpu95-960607-00854.html
198,266,1999-05-01,HP Fort Collins; CO,HP 9000 Model C3000,27.4,30.2,30.4,31.6,25.0,27.0,30.8,24.0,22.4,29.2,http://www.spec.org/cpu95/results/res99q2/cpu95-19990524-03666.html
199,271,2000-01-01,HP TCD (Fort Collins),HP 9000 Model C3600,38.4,42.1,42.8,41.7,34.7,37.1,40.8,32.2,35.9,43.2,http://www.spec.org/cpu95/results/res2000q1/cpu95-20000313-04131.html
200,247,1996-01-01,HP Cupertino; CA,HP 9000 Model D200,2.18,2.18,3.37,2.13,2.37,1.73,2.2,1.87,1.89,2.2,http://www.spec.org/cpu95/results/res96q1/cpu95-960205-00381.html
201,243,1995-03-01,HP Cupertino; CA,HP 9000 Model D210,3.54,3.74,4.73,3.47,3.56,3.22,3.62,3.29,3.56,3.08,http://www.spec.org/cpu95/results/res96q4/cpu95-961107-01462.html
202,243,1996-01-01,HP Cupertino; CA,HP 9000 Model D210,2.94,2.94,4.39,2.85,3.14,2.98,2.9,2.49,2.51,2.64,http://www.spec.org/cpu95/results/res96q1/cpu95-960205-00385.html
203,255,1997-03-01,HP Cupertino; CA,HP 9000 Model D220,6.16,6.57,8.23,5.55,6.05,5.58,6.32,5.08,6.49,6.46,http://www.spec.org/cpu95/results/res96q4/cpu95-961107-01444.html
204,256,1997-03-01,HP Cupertino; CA,HP 9000 Model D230,7.32,7.87,9.76,6.78,7.19,6.25,7.45,6.12,7.86,7.7,http://www.spec.org/cpu95/results/res96q4/cpu95-961107-01452.html
205,253,1995-03-01,HP Cupertino; CA,HP 9000 Model D250,4.52,5.01,6.19,3.89,4.56,4.09,4.69,3.88,4.48,4.79,http://www.spec.org/cpu95/results/res96q4/cpu95-961015-01402.html
206,253,1996-01-01,HP Cupertino; CA,HP 9000 Model D250,3.61,3.61,6.1,3.21,4.08,3.71,3.58,2.76,3.07,3.19,http://www.spec.org/cpu95/results/res96q1/cpu95-960205-00450.html
207,258,1996-12-01,HP Cupertino; CA,HP 9000 Model D270,9.43,10.4,10.2,10.2,7.94,9.6,10.4,9.04,9.57,8.87,http://www.spec.org/cpu95/results/res96q4/cpu95-961015-01382.html
208,243,1995-03-01,HP Cupertino; CA,HP 9000 Model D310,3.54,3.74,4.73,3.47,3.56,3.22,3.62,3.29,3.56,3.08,http://www.spec.org/cpu95/results/res96q4/cpu95-961107-01440.html
209,243,1996-01-01,HP Cupertino; CA,HP 9000 Model D310,2.94,2.94,4.39,2.85,3.14,2.98,2.9,2.49,2.51,2.64,http://www.spec.org/cpu95/results/res96q1/cpu95-960205-00389.html
210,255,1997-03-01,HP Cupertino; CA,HP 9000 Model D320,6.16,6.57,8.23,5.55,6.05,5.58,6.32,5.08,6.49,6.46,http://www.spec.org/cpu95/results/res96q4/cpu95-961107-01448.html
211,256,1997-03-01,HP Cupertino; CA,HP 9000 Model D330,7.32,7.87,9.76,6.78,7.19,6.25,7.45,6.12,7.86,7.7,http://www.spec.org/cpu95/results/res96q4/cpu95-961107-01456.html
212,253,1995-03-01,HP Cupertino; CA,HP 9000 Model D350,4.52,5.01,6.19,3.89,4.56,4.09,4.69,3.88,4.48,4.79,http://www.spec.org/cpu95/results/res96q4/cpu95-961015-01400.html
213,253,1996-01-01,HP Cupertino; CA,HP 9000 Model D350,3.61,3.61,6.1,3.21,4.08,3.71,3.58,2.76,3.07,3.19,http://www.spec.org/cpu95/results/res96q1/cpu95-960205-00455.html
214,258,1996-12-01,HP Cupertino; CA,HP 9000 Model D370,9.43,10.4,10.2,10.2,7.94,9.6,10.4,9.04,9.57,8.87,http://www.spec.org/cpu95/results/res96q4/cpu95-961014-01369.html
215,259,1997-09-01,HP Cupertino; CA,HP 9000 Model D380 1-CPU,11.4,12.3,11.9,13.0,9.48,10.8,12.1,10.3,11.2,12.7,http://www.spec.org/cpu95/results/res97q3/cpu95-970908-02115.html
216,253,1995-08-01,Hewlett-Packard,HP 9000 Model J200,4.5,4.98,6.18,3.87,4.56,4.06,4.65,3.86,4.45,4.73,http://www.spec.org/cpu95/results/res96q4/cpu95-960903-01258.html
217,253,1995-08-01,HP Cupertino; CA,HP 9000 Model J200,3.64,3.64,6.15,3.17,4.18,3.6,3.55,2.77,3.24,3.26,http://www.spec.org/cpu95/results/res9509/p029.html
218,254,1995-08-01,Hewlett-Packard,HP 9000 Model J210,5.42,6.0,7.44,4.65,5.48,4.89,5.59,4.64,5.35,5.82,http://www.spec.org/cpu95/results/res96q4/cpu95-960903-01253.html
219,254,1995-08-01,HP Cupertino; CA,HP 9000 Model J210,4.37,4.37,7.4,3.8,5.01,4.34,4.28,3.33,3.9,3.94,http://www.spec.org/cpu95/results/res9509/p030.html
220,254,1996-03-01,Hewlett-Packard,HP 9000 Model J210XC,5.76,6.4,7.87,4.66,5.95,6.17,5.78,4.65,5.37,6.24,http://www.spec.org/cpu95/results/res96q4/cpu95-960903-01250.html
221,254,1996-03-01,HP Cupertino; CA,HP 9000 Model J210XC,4.64,4.64,7.45,3.59,5.36,5.27,4.48,3.32,4.04,4.75,http://www.spec.org/cpu95/results/res96q2/cpu95-960409-00639.html
222,261,1998-03-01,HP Fort Collins; CO,HP 9000 Model J2240,16.2,17.4,17.4,18.0,14.3,16.1,17.1,13.4,16.2,18.0,http://www.spec.org/cpu95/results/res98q1/cpu95-980105-02335.html
223,259,1996-06-01,HP Cupertino; CA,HP 9000 Model J280,11.4,12.3,12.0,13.0,9.54,10.7,12.3,10.3,11.1,12.8,http://www.spec.org/cpu95/results/res97q3/cpu95-970829-02104.html
224,271,2000-01-01,HP TCD (Fort Collins CO),HP 9000 Model J5600,38.7,42.6,43.0,41.8,35.1,38.2,41.1,32.4,36.2,43.7,http://www.spec.org/cpu95/results/res2000q1/cpu95-20000313-04133.html
225,260,1997-07-01,HP Cupertino; CA,HP 9000 Model K370 1-CPU,13.7,14.6,14.6,15.1,12.0,13.5,14.5,11.2,13.6,15.5,http://www.spec.org/cpu95/results/res97q3/cpu95-970618-01942.html
226,253,1995-03-01,HP Cupertino; CA,HP 9000 Model K400,4.49,4.92,6.13,3.86,4.51,4.03,4.61,3.84,4.43,4.86,http://www.spec.org/cpu95/results/res9509/p031.html
227,253,1995-03-01,HP Cupertino; CA,HP 9000 Model K400,3.58,3.58,6.06,3.18,4.05,3.69,3.53,2.73,3.06,3.13,http://www.spec.org/cpu95/results/res96q3/cpu95-960829-01189.html
228,254,1996-01-01,HP Cupertino; CA,HP 9000 Model K410,5.37,5.93,7.31,4.62,5.47,4.82,5.51,4.59,5.3,5.8,http://www.spec.org/cpu95/results/res9512/p028.html
229,254,1996-01-01,HP Cupertino; CA,HP 9000 Model K410,4.41,4.41,7.3,3.83,4.91,4.44,4.28,3.29,3.8,4.37,http://www.spec.org/cpu95/results/res96q3/cpu95-960829-01208.html
230,254,1996-02-01,HP Cupertino; CA,HP 9000 Model K420,5.78,6.41,7.85,4.65,5.95,6.17,5.75,4.64,5.36,6.46,http://www.spec.org/cpu95/results/res96q3/cpu95-960829-01203.html
231,254,1996-02-01,HP Cupertino; CA,HP 9000 Model K420,4.61,4.61,7.66,3.84,5.31,5.51,4.33,3.31,3.87,4.27,http://www.spec.org/cpu95/results/res96q1/cpu95-960205-00210.html
232,258,1996-09-01,HP Cupertino; CA,HP 9000 Model K450,9.7,10.7,10.5,10.2,8.37,9.9,10.4,9.09,9.53,9.8,http://www.spec.org/cpu95/results/res96q3/cpu95-960829-01222.html
233,259,1996-09-01,HP Cupertino; CA,HP 9000 Model K460,10.8,11.8,11.8,11.6,9.33,10.6,11.4,9.97,10.4,11.5,http://www.spec.org/cpu95/results/res96q3/cpu95-960829-01227.html
234,259,1996-06-01,HP Cupertino; CA,HP 9000 Model K460EG,10.8,11.8,11.8,11.6,9.33,10.6,11.4,9.97,10.4,11.5,http://www.spec.org/cpu95/results/res96q2/cpu95-960530-00827.html
235,260,1997-07-01,HP Cupertino; CA,HP 9000 Model K570 1-CPU,13.7,14.6,14.6,15.1,12.0,13.5,14.5,11.2,13.6,15.5,http://www.spec.org/cpu95/results/res97q3/cpu95-970617-01932.html
236,262,1997-11-01,HP Cupertino; CA,HP 9000 Model K580 1-CPU,16.4,17.4,17.3,17.5,14.8,16.2,16.4,14.1,14.0,22.0,http://www.spec.org/cpu95/results/res98q1/cpu95-980213-02432.html
237,267,1999-11-01,HP Richardson; TX,HP 9000 Model L2000,30.5,33.7,33.9,33.2,26.0,28.9,32.9,24.7,27.7,39.1,http://www.spec.org/cpu95/results/res99q4/cpu95-19990927-03869.html
238,271,2000-04-01,HP Richardson; TX,HP 9000 Model N4000,37.3,41.4,42.7,41.8,33.4,35.8,41.5,30.5,34.7,40.4,http://www.spec.org/cpu95/results/res2000q1/cpu95-20000228-04082.html
239,264,1999-08-01,HP Richardson; TX,HP 9000 Model N4000,25.5,28.2,27.8,27.3,22.2,24.3,27.0,20.8,22.8,34.3,http://www.spec.org/cpu95/results/res99q2/cpu95-19990510-03602.html
240,267,1999-08-01,HP Richardson; TX,HP 9000 Model N4000,30.8,34.0,34.0,33.3,26.7,29.1,33.0,24.9,27.7,40.0,http://www.spec.org/cpu95/results/res99q2/cpu95-19990426-03536.html
241,250,1995-03-01,HP Cupertino; CA,HP 9000 Model T520,4.89,5.24,7.11,4.46,4.95,4.95,5.1,3.13,4.94,5.32,http://www.spec.org/cpu95/results/res96q3/cpu95-960829-01214.html
242,259,1997-06-01,HP Cupertino; CA,HP 9000 Model T600 1-CPU,10.6,11.8,11.7,11.2,9.07,9.95,11.2,9.81,10.4,11.7,http://www.spec.org/cpu95/results/res97q2/cpu95-970609-01925.html
243,260,1997-09-01,HP Cupertino; CA,HP 9000 Model V2200 1-CPU,12.6,13.8,13.3,13.5,11.1,12.7,12.9,10.8,10.8,16.5,http://www.spec.org/cpu95/results/res98q1/cpu95-980130-02372.html
244,243,1994-01-01,HP Cupertino; CA,HP 9000 Series 700 Model 712/100,3.52,3.76,4.87,3.52,3.58,2.78,3.66,3.31,3.74,3.03,http://www.spec.org/cpu95/results/res96q4/cpu95-960904-01282.html
245,245,1994-01-01,HP Cupertino; CA,HP 9000 Series 700 Model 712/60,1.83,2.08,2.18,1.45,1.78,1.84,2.13,1.84,1.74,1.79,http://www.spec.org/cpu95/results/res96q4/cpu95-960904-01271.html
246,245,1994-01-01,HP Cupertino; CA,HP 9000 Series 700 Model 712/60,1.62,1.62,2.1,1.53,1.61,1.67,1.69,1.49,1.38,1.57,http://www.spec.org/cpu95/results/res96q1/cpu95-960131-00127.html
247,248,1994-01-01,HP Cupertino; CA,HP 9000 Series 700 Model 712/80,2.96,3.12,3.98,2.82,2.95,2.73,3.05,2.69,3.02,2.65,http://www.spec.org/cpu95/results/res96q4/cpu95-960904-01278.html
248,248,1994-01-01,HP Cupertino; CA,HP 9000 Series 700 Model 712/80,2.45,2.45,3.74,2.11,2.66,2.42,2.51,2.07,2.25,2.21,http://www.spec.org/cpu95/results/res96q1/cpu95-960131-00124.html
249,243,1994-05-01,HP Cupertino; CA,HP 9000 Series 700 Model 715/100,2.89,2.89,4.19,2.87,3.24,2.72,2.9,2.5,2.7,2.37,http://www.spec.org/cpu95/results/res9509/p026.html
250,243,1995-06-01,HP Cupertino; CA,HP 9000 Series 700 Model 715/100XC,4.18,4.55,5.54,3.57,4.09,4.53,4.3,3.41,3.91,4.44,http://www.spec.org/cpu95/results/res9512/p025.html
251,243,1995-06-01,HP Cupertino; CA,HP 9000 Series 700 Model 715/100XC,3.33,3.33,5.36,2.9,3.69,3.1,3.29,2.56,2.91,3.45,http://www.spec.org/cpu95/results/res96q4/cpu95-960904-01285.html
252,237,1991-03-01,HP Cupertino; CA,HP 9000 Series 700 Model 720/50,1.57,1.57,2.39,1.3,1.79,1.65,1.57,1.14,1.39,1.57,http://www.spec.org/cpu95/results/res96q1/cpu95-960131-00128.html
253,251,1992-12-01,HP Cupertino; CA,HP 9000 Series 700 Model 735/125,4.04,4.04,6.87,3.41,4.62,3.94,4.12,2.78,3.53,4.1,http://www.spec.org/cpu95/results/res9509/p028.html
254,238,1992-12-01,HP Cupertino; CA,HP 9000 Series 700 Model 735/99,3.27,3.27,5.49,2.7,3.74,3.27,3.29,2.22,2.88,3.42,http://www.spec.org/cpu95/results/res9509/p027.html
255,265,1998-12-01,HP Richardson; TX,HP 9000/785 Model C360,24.4,26.0,27.6,27.9,20.6,22.5,27.7,19.0,25.5,26.4,http://www.spec.org/cpu95/results/res98q4/cpu95-981204-03211.html
256,255,1996-09-01,HP Cupertino; CA,HP Visualize B132L,5.62,5.91,7.44,5.58,5.46,4.2,5.78,4.73,6.61,5.77,http://www.spec.org/cpu95/results/res96q4/cpu95-960912-01292.html
257,255,1996-09-01,HP Cupertino; CA,HP Visualize B132L,6.09,6.45,8.14,5.63,5.96,5.25,6.27,4.82,6.68,6.55,http://www.spec.org/cpu95/results/res96q4/cpu95-960912-01296.html
258,256,1996-09-01,HP Cupertino; CA,HP Visualize B160L,7.32,7.75,9.8,6.82,7.16,6.24,7.43,5.81,8.08,7.91,http://www.spec.org/cpu95/results/res96q4/cpu95-960912-01300.html
259,256,1996-09-01,HP Cupertino; CA,HP Visualize C160L,7.32,7.75,9.87,6.82,7.14,6.23,7.44,5.82,8.08,7.84,http://www.spec.org/cpu95/results/res96q4/cpu95-960912-01289.html
260,255,1997-09-01,HP Cupertino; CA,HP Visualize Model B132L+,6.37,6.84,8.32,6.1,6.19,5.52,6.43,5.13,6.79,7.0,http://www.spec.org/cpu95/results/res97q3/cpu95-970829-02097.html
261,257,1997-06-01,HP Cupertino; CA,HP Visualize Model B180L,8.61,9.22,11.3,8.32,8.37,7.34,8.59,6.95,9.23,9.48,http://www.spec.org/cpu95/results/res97q3/cpu95-970829-02091.html
262,260,1997-09-01,HP Cupertino; CA,HP Visualize Model C200,13.6,14.3,14.5,15.2,11.3,13.9,14.5,11.5,13.5,14.8,http://www.spec.org/cpu95/results/res97q3/cpu95-970829-02107.html
263,261,1997-09-01,HP Cupertino; CA,HP Visualize Model C240,16.3,17.3,17.3,18.0,14.3,16.5,17.0,13.4,16.0,18.5,http://www.spec.org/cpu95/results/res97q3/cpu95-970829-02102.html
264,574,2000-03-01,Hewlett-Packard; Grenoble France,Kayak XU800 D8022,38.9,38.9,40.0,43.9,36.0,24.3,48.1,35.0,44.8,45.0,http://www.spec.org/cpu95/results/res2000q1/cpu95-20000313-04118.html
265,256,1998-01-01,Hitachi Ltd,3500,7.4,7.83,9.84,6.79,7.07,6.59,7.51,6.17,7.92,7.91,http://www.spec.org/cpu95/results/res97q4/cpu95-971124-02279.html
266,255,1998-01-01,Hitachi Ltd,3500,6.15,6.52,8.16,5.6,5.91,5.56,6.3,5.12,6.51,6.54,http://www.spec.org/cpu95/results/res97q4/cpu95-971124-02280.html
267,253,1997-03-01,Kanagawa Pref.Japan,3500/545RM,4.4,4.79,6.14,3.87,4.36,3.87,4.52,3.69,4.44,4.7,http://www.spec.org/cpu95/results/res97q1/cpu95-970304-01708.html
268,254,1997-03-01,Kanagawa Pref.Japan,3500/555RM,5.28,5.75,7.37,4.65,5.22,4.65,5.43,4.44,5.34,5.64,http://www.spec.org/cpu95/results/res97q1/cpu95-970304-01707.html
269,254,1997-03-01,Kanagawa Pref.Japan,3500/565RM,5.71,6.24,7.89,4.66,5.79,6.0,5.8,4.49,5.38,6.32,http://www.spec.org/cpu95/results/res97q1/cpu95-970304-01706.html
270,321,1995-09-01,IBM Austin,RISC System/6000 Model E20 Server,3.47,0.0,4.3,3.26,3.39,3.55,3.01,4.36,3.02,3.17,http://www.spec.org/cpu95/results/res9512/p030.html
271,324,1995-06-01,IBM Austin,RISC System/6000 POWERserver 43P,4.55,0.0,5.76,4.5,4.36,4.6,3.76,5.63,4.05,4.11,http://www.spec.org/cpu95/results/res9512/p029.html
272,312,1993-09-01,IBM; Austin TX,RISC System/6000 250/25S,1.69,1.82,2.17,1.59,1.8,1.68,1.63,1.89,1.43,1.47,http://www.spec.org/cpu95/results/res96q2/cpu95-960401-00561.html
273,277,1994-05-01,IBM; Austin TX,RISC System/6000 380/3AT,2.71,2.84,3.58,2.06,2.85,3.14,2.24,3.25,2.4,2.55,http://www.spec.org/cpu95/results/res96q2/cpu95-960401-00539.html
274,279,1995-02-01,IBM; Austin TX,RISC System/6000 3CT/39H,3.28,3.41,4.52,2.34,3.55,4.32,2.65,3.71,2.79,3.03,http://www.spec.org/cpu95/results/res9509/p033.html
275,278,1995-03-01,IBM; Austin; TX,RISC System/6000 3CT/39H,3.28,0.0,4.52,2.34,3.55,4.32,2.65,3.71,2.79,3.03,http://www.spec.org/cpu95/results/res96q2/cpu95-960401-00523.html
276,323,1995-07-01,IBM; Austin; TX,RISC System/6000 43P,4.01,4.24,5.04,3.91,3.93,3.73,3.45,5.4,3.29,3.78,http://www.spec.org/cpu95/results/res9509/p036.html
277,323,1995-06-01,IBM; Austin TX,RISC System/6000 43P,3.36,3.59,4.24,3.25,3.27,3.27,2.97,4.58,2.65,3.09,http://www.spec.org/cpu95/results/res96q2/cpu95-960401-00559.html
278,324,1995-07-01,IBM; Austin TX,RISC System/6000 43P,4.55,4.72,5.76,4.5,4.36,4.6,3.76,5.63,4.05,4.11,http://www.spec.org/cpu95/results/res96q2/cpu95-960401-00560.html
279,324,1995-07-01,IBM; Austin; TX,RISC System/6000 43P,4.45,0.0,5.56,4.5,4.24,4.0,3.82,5.63,4.08,4.13,http://www.spec.org/cpu95/results/res96q2/cpu95-960401-00568.html
280,335,1998-10-01,IBM; Austin; TX,RISC System/6000 43P-150,14.5,15.1,16.4,18.9,13.1,11.1,12.7,17.1,15.9,12.4,http://www.spec.org/cpu95/results/res98q4/cpu95-981012-03120.html
281,282,1998-10-01,IBM; Austin; TX,RISC System/6000 43P-260,12.5,13.1,14.4,13.5,11.9,13.1,10.8,13.0,10.9,12.9,http://www.spec.org/cpu95/results/res98q4/cpu95-981012-03121.html
282,282,1998-10-01,IBM; Austin; TX,RISC System/6000 43P-260 (1 CPU),11.5,12.5,13.4,12.3,11.3,12.8,10.8,12.3,8.25,11.8,http://www.spec.org/cpu95/results/res99q3/cpu95-19990819-03800.html
283,278,1993-09-01,IBM; Austin TX,RISC System/6000 590,3.19,0.0,4.23,2.32,3.32,4.24,2.62,3.7,2.72,2.95,http://www.spec.org/cpu95/results/res96q2/cpu95-960401-00557.html
284,281,1995-07-01,IBM; Austin; TX,RISC System/6000 591,3.67,0.0,4.91,2.66,3.84,4.9,3.03,4.27,3.1,3.37,http://www.spec.org/cpu95/results/res9509/p034.html
285,278,1994-05-01,IBM; Austin TX,RISC System/6000 59H,3.25,3.37,4.46,2.33,3.5,4.18,2.62,3.68,2.8,3.03,http://www.spec.org/cpu95/results/res96q2/cpu95-960401-00536.html
286,278,1994-05-01,IBM; Austin TX,RISC System/6000 59H,3.1,3.23,4.18,2.32,3.27,3.57,2.57,3.68,2.71,2.9,http://www.spec.org/cpu95/results/res96q2/cpu95-960401-00538.html
287,314,1994-06-01,IBM; Austin; TX,RISC System/6000 C10,2.37,0.0,3.15,2.07,2.61,2.69,2.18,2.3,2.07,2.07,http://www.spec.org/cpu95/results/res9509/p032.html
288,323,1995-07-01,IBM; Austin; TX,RISC System/6000 C20,3.85,0.0,4.51,3.97,3.48,3.68,3.51,5.19,3.35,3.43,http://www.spec.org/cpu95/results/res9509/p035.html
289,339,1999-04-01,IBM; Austin; TX,RISC System/6000 H70 (1 CPU),13.7,16.0,19.7,11.6,15.3,15.8,11.3,11.6,13.0,13.4,http://www.spec.org/cpu95/results/res99q2/cpu95-19990330-03514.html
290,280,1994-05-01,IBM; Austin TX,RISC System/6000 R24,3.32,3.47,4.48,2.49,3.5,3.84,2.76,3.95,2.91,3.11,http://www.spec.org/cpu95/results/res96q2/cpu95-960401-00535.html
291,325,1996-11-01,IBM; Austin TX,RS/6000 43P,5.96,6.19,8.03,5.58,6.26,5.28,4.8,7.65,5.36,5.48,http://www.spec.org/cpu95/results/res96q4/cpu95-961122-01532.html
292,326,1996-11-01,IBM; Austin TX,RS/6000 43P-140,6.91,7.22,9.3,6.68,7.29,5.86,5.44,8.84,6.34,6.46,http://www.spec.org/cpu95/results/res96q4/cpu95-961122-01521.html
293,325,1996-11-01,IBM; Austin TX,RS/6000 43P-140,5.82,6.15,7.93,5.56,6.19,4.71,4.66,7.55,5.34,5.43,http://www.spec.org/cpu95/results/res96q4/cpu95-961122-01529.html
294,326,1996-11-01,IBM; Austin TX,RS/6000 43P-140 (200MHz),6.99,7.79,9.07,7.75,7.42,5.45,5.32,8.48,6.94,6.4,http://www.spec.org/cpu95/results/res97q2/cpu95-970414-01779.html
295,328,1997-04-01,IBM; Austin TX,RS/6000 43P-140 (233MHz),8.29,9.24,11.1,9.04,8.52,6.98,6.61,9.6,8.12,7.19,http://www.spec.org/cpu95/results/res97q2/cpu95-970414-01763.html
296,332,1997-10-01,IBM; Austin; TX,RS/6000 43P-140 (332 MHz),12.2,12.9,13.6,17.5,10.6,8.26,10.6,14.2,13.9,11.2,http://www.spec.org/cpu95/results/res98q4/cpu95-981012-03115.html
297,328,1997-04-01,IBM; Austin TX,RS/6000 43P-140 Upgrade (233MHz),7.77,8.66,10.0,9.04,8.23,5.64,5.78,9.56,8.04,7.08,http://www.spec.org/cpu95/results/res97q2/cpu95-970414-01764.html
298,329,2000-05-01,IBM; Austin;TX,RS/6000 43P-150 (250MHz),10.9,11.1,12.6,12.9,9.87,9.78,9.2,12.5,10.8,10.1,http://www.spec.org/cpu95/results/res2000q2/cpu95-20000508-04233.html
299,328,1997-05-01,IBM; Austin TX,RS/6000 43P-240 & F40 (233MHz 1 Proc.),7.8,8.71,10.4,8.85,7.73,6.78,6.18,9.31,7.35,6.72,http://www.spec.org/cpu95/results/res97q2/cpu95-970414-01765.html
300,325,1996-11-01,IBM; Austin TX,RS/6000 43P-240; F40 & H10,5.31,5.73,7.13,5.52,5.37,4.38,4.68,7.23,4.36,4.61,http://www.spec.org/cpu95/results/res96q4/cpu95-961122-01530.html
301,285,2000-02-01,IBM; Austin; TX,RS/6000 44P-170 (333 MHz),18.6,19.8,20.1,22.0,17.9,18.2,18.4,21.5,14.5,17.6,http://www.spec.org/cpu95/results/res2000q1/cpu95-20000124-04028.html
302,284,2000-02-01,IBM; Austin; TX,RS/6000 44P-270 (1 CPU),22.6,24.3,27.3,24.8,22.5,21.9,21.3,24.6,16.6,23.4,http://www.spec.org/cpu95/results/res2000q1/cpu95-20000124-04026.html
303,325,1996-11-01,IBM; Austin TX,RS/6000 E30 & F30,5.93,6.19,8.25,5.4,6.19,5.46,4.98,7.31,5.25,5.29,http://www.spec.org/cpu95/results/res96q4/cpu95-961122-01531.html
304,328,1997-04-01,IBM; Austin TX,RS/6000 E30 & F30 (233MHz 1 Proc.),8.46,9.41,11.8,8.8,8.72,7.4,7.05,9.44,7.96,7.39,http://www.spec.org/cpu95/results/res97q2/cpu95-970414-01768.html
305,325,1997-04-01,IBM; Austin TX,RS/6000 F50 (166MHz 1 Proc.),6.79,7.52,9.67,6.49,7.53,6.03,5.5,7.91,5.98,6.1,http://www.spec.org/cpu95/results/res97q2/cpu95-970414-01769.html
306,341,2000-06-01,IBM; Austin; TX,RS/6000 Model 7026-F80 (1 CPU),18.7,21.7,27.5,16.1,21.1,21.4,15.2,15.2,17.7,17.9,http://www.spec.org/cpu95/results/res2000q2/cpu95-20000505-04223.html
307,341,2000-06-01,IBM; Austin; TX,RS/6000 Model 7026-H80 (1 CPU),18.7,21.7,27.5,16.1,21.1,21.4,15.2,15.2,17.7,17.9,http://www.spec.org/cpu95/results/res2000q2/cpu95-20000505-04213.html
308,342,2000-06-01,IBM; Austin; TX,RS/6000 Model 7026-M80 (1 CPU),20.7,24.1,30.4,17.8,23.4,23.7,16.9,16.9,19.7,20.2,http://www.spec.org/cpu95/results/res2000q2/cpu95-20000505-04227.html
309,332,1998-02-01,IBM; Austin; TX,RS/6000 Model F50 (332 MHz; 1 CPU),14.0,14.4,17.0,17.8,12.8,9.63,12.7,16.8,14.6,12.5,http://www.spec.org/cpu95/results/res98q1/cpu95-980202-02399.html
310,332,1998-02-01,IBM; Austin; TX,RS/6000 Model H50 (1 CPU),14.0,14.4,17.0,17.8,12.8,9.63,12.7,16.8,14.6,12.5,http://www.spec.org/cpu95/results/res98q1/cpu95-980202-02400.html
311,318,1996-11-01,IBM; Austin TX,RS/6000 Notebook 860,3.62,3.94,4.61,4.56,3.67,2.48,3.48,5.08,3.12,2.81,http://www.spec.org/cpu95/results/res96q4/cpu95-961122-01533.html
312,283,1999-10-01,IBM; Austin; TX,RS/6000 SP-222 MHz High Node (1 CPU),12.8,13.9,15.3,14.2,12.3,13.6,12.0,14.2,9.32,12.9,http://www.spec.org/cpu95/results/res99q4/cpu95-19991105-03896.html
313,286,2000-08-01,IBM; Austin; TX,RS/6000 SP-375MHz High Node (1 CPU),21.8,23.5,26.8,23.9,21.4,21.1,20.1,24.1,16.1,23.0,http://www.spec.org/cpu95/results/res2000q3/cpu95-20000630-04276.html
314,286,2000-02-01,IBM; Austin; TX,RS/6000 SP-375MHz T/W (1 CPU),22.6,24.4,27.2,24.8,22.3,21.9,21.2,25.0,16.6,23.8,http://www.spec.org/cpu95/results/res2000q1/cpu95-20000110-03976.html
315,556,1999-03-01,Intel Corp.,Intel MS440GX Motherboard (Pentium II Xeon 450 MHz),19.7,19.7,20.4,19.1,18.3,15.4,23.0,18.1,21.5,23.2,http://www.spec.org/cpu95/results/res99q2/cpu95-19990329-03498.html
316,566,1999-03-01,Intel Corp.,Intel MS440GX Motherboard (Pentium III Xeon 500 MHz),21.6,21.6,22.4,21.2,20.1,16.5,25.2,19.9,23.8,25.2,http://www.spec.org/cpu95/results/res99q2/cpu95-19990329-03495.html
317,567,1999-04-01,Intel Corp.,Intel MS440GX Motherboard (Pentium III Xeon 550 MHz),23.6,23.6,24.6,23.4,21.9,18.0,27.8,21.7,26.1,27.2,http://www.spec.org/cpu95/results/res99q2/cpu95-19990329-03493.html
318,587,1996-01-01,Intel,Alder System (150MHz),6.08,6.08,6.01,5.85,5.76,5.24,6.47,6.35,6.15,6.93,http://www.spec.org/cpu95/results/res9512/p031.html
319,588,1996-03-01,Intel,Alder System (166MHz; 512KB L2),7.11,7.11,6.98,6.51,6.55,7.45,7.68,7.1,6.84,7.93,http://www.spec.org/cpu95/results/res9512/p032.html
320,589,1996-05-01,Intel,Alder System (180MHz; 256KB L2),7.29,7.29,7.27,7.02,6.91,6.29,7.8,7.58,7.38,8.26,http://www.spec.org/cpu95/results/res9512/p033.html
321,590,1996-05-01,Intel,Alder System (200MHz; 256KB L2),8.09,8.09,8.11,7.81,7.65,6.99,8.62,8.43,8.21,9.14,http://www.spec.org/cpu95/results/res9512/p034.html
322,376,1998-06-01,Intel Corp.,Intel AL440LX Motherboard(300MHz; Celeron processor),8.81,8.81,7.84,12.1,7.39,4.59,10.6,11.0,11.7,8.39,http://www.spec.org/cpu95/results/res99q2/cpu95-19990329-03483.html
323,377,1998-08-01,Intel Corp.,Intel AL440LX Motherboard(333MHz; Celeron processor),12.9,12.9,14.2,14.3,12.8,6.9,13.5,13.6,16.4,14.4,http://www.spec.org/cpu95/results/res99q2/cpu95-19990329-03482.html
324,378,1999-01-01,Intel Corp.,Intel AL440LX Motherboard(366 MHz; Celeron processor),13.9,13.9,15.1,15.8,13.7,7.14,14.4,14.8,17.9,15.3,http://www.spec.org/cpu95/results/res99q2/cpu95-19990329-03478.html
325,379,1999-01-01,Intel Corp.,Intel AL440LX Motherboard(400 MHz; Celeron processor),14.9,14.9,16.8,17.1,14.8,7.38,15.3,0.0,19.6,16.2,http://www.spec.org/cpu95/results/res99q2/cpu95-19990329-03481.html
326,380,1999-03-01,Intel Corp.,Intel AL440LX Motherboard(433 MHz; Celeron processor),15.8,15.8,17.7,18.6,15.8,7.54,16.2,17.2,21.2,17.1,http://www.spec.org/cpu95/results/res99q2/cpu95-19990329-03491.html
327,550,1997-08-01,Intel,Intel AL440LX motherboard (233MHz),9.47,9.47,8.82,9.23,8.99,7.79,10.0,9.52,10.9,10.9,http://www.spec.org/cpu95/results/res97q4/cpu95-970916-02132.html
328,550,1997-08-01,Intel Corporation,Intel AL440LX motherboard (233MHz; NT),9.45,9.45,8.97,9.21,9.07,7.98,9.75,9.31,10.6,11.1,http://www.spec.org/cpu95/results/res98q1/cpu95-980302-02518.html
329,551,1997-08-01,Intel,Intel AL440LX motherboard (266MHz),10.8,10.8,10.1,10.5,10.2,8.77,11.6,10.8,12.4,12.3,http://www.spec.org/cpu95/results/res97q4/cpu95-970916-02135.html
330,551,1997-08-01,Intel Corporation,Intel AL440LX motherboard (266MHz; NT),10.8,10.8,10.2,10.5,10.3,9.05,11.1,10.6,12.1,12.5,http://www.spec.org/cpu95/results/res98q1/cpu95-980302-02520.html
331,552,1997-08-01,Intel Corporation,Intel AL440LX motherboard (300MHz; L2 ECC; NT),11.6,11.6,10.9,11.8,11.2,9.24,12.2,11.7,13.4,13.1,http://www.spec.org/cpu95/results/res98q1/cpu95-980302-02522.html
332,552,1997-08-01,Intel,Intel AL440LX motherboard (300MHz; L2 w/ECC),11.7,11.7,10.8,11.8,11.1,9.32,12.5,12.0,13.8,12.9,http://www.spec.org/cpu95/results/res97q4/cpu95-970916-02137.html
333,553,1998-01-01,Intel Corporation,Intel AL440LX motherboard (333MHz; L2 ECC; NT),12.7,12.7,12.1,13.1,12.3,9.71,13.2,12.9,14.8,14.3,http://www.spec.org/cpu95/results/res98q1/cpu95-980302-02524.html
334,553,1998-01-01,Intel,Intel AL440LX motherboard (333MHz; L2 w/ECC),12.8,12.8,12.0,13.1,12.1,9.57,13.7,13.2,15.2,14.3,http://www.spec.org/cpu95/results/res98q1/cpu95-980126-02342.html
335,552,1997-11-01,Intel Corporation,Intel DK440LX motherboard (300MHz; L2 ECC; NT),11.6,11.6,10.9,11.8,11.1,9.23,12.2,11.7,13.4,13.1,http://www.spec.org/cpu95/results/res98q1/cpu95-980302-02542.html
336,553,1998-01-01,Intel Corporation,Intel DK440LX motherboard (333MHz; L2 ECC; NT),12.7,12.7,12.0,13.0,12.2,9.71,13.2,12.9,14.8,14.3,http://www.spec.org/cpu95/results/res98q1/cpu95-980302-02544.html
337,502,1997-06-01,Intel,Intel LT430TX Motherboard (133MHz),4.01,4.01,4.18,4.21,4.04,3.44,4.58,2.97,4.87,4.11,http://www.spec.org/cpu95/results/res97q3/cpu95-970623-01955.html
338,503,1997-06-01,Intel,Intel LT430TX Motherboard (150MHz),4.13,4.13,4.1,4.56,4.08,3.45,4.83,3.18,5.13,4.08,http://www.spec.org/cpu95/results/res97q3/cpu95-970623-01958.html
339,504,1997-06-01,Intel,Intel LT430TX Motherboard (166MHz),4.58,4.58,4.54,5.07,4.54,3.86,5.37,3.53,5.68,4.47,http://www.spec.org/cpu95/results/res97q3/cpu95-970623-01957.html
340,504,1997-06-01,Intel,Intel LT430TX Motherboard (166MHz; Intel MMX technology),5.6,5.6,6.61,6.06,5.8,3.98,6.27,3.58,7.55,6.16,http://www.spec.org/cpu95/results/res97q3/cpu95-970623-01962.html
341,505,1997-06-01,Intel,Intel LT430TX Motherboard (200MHz),5.17,5.17,4.92,5.89,5.01,4.39,6.13,4.06,6.53,4.98,http://www.spec.org/cpu95/results/res97q3/cpu95-970623-01964.html
342,505,1997-06-01,Intel,Intel LT430TX Motherboard (200MHz; Intel MMX technology),6.44,6.44,7.27,7.23,6.54,4.49,7.31,4.17,8.96,6.98,http://www.spec.org/cpu95/results/res97q3/cpu95-970623-01965.html
343,506,1997-06-01,Intel,Intel LT430TX Motherboard (233MHz; Intel MMX technology),7.12,7.12,7.8,8.41,7.13,4.84,8.02,4.66,10.3,7.55,http://www.spec.org/cpu95/results/res97q3/cpu95-970623-01963.html
344,502,1997-06-01,Intel Corporation,Intel LT430TX motherboard (133MHz; NT),3.95,3.95,4.12,4.18,4.07,3.3,4.55,2.92,4.54,4.27,http://www.spec.org/cpu95/results/res98q1/cpu95-980302-02526.html
345,503,1997-06-01,Intel Corporation,Intel LT430TX motherboard (150MHz; NT),4.09,4.09,4.17,4.54,4.11,3.35,4.78,3.12,4.77,4.21,http://www.spec.org/cpu95/results/res98q1/cpu95-980302-02528.html
346,504,1997-06-01,Intel Corporation,Intel LT430TX motherboard (166MHz; MMX technology; NT),5.53,5.53,6.68,5.95,5.81,3.91,6.29,3.49,7.23,6.15,http://www.spec.org/cpu95/results/res98q1/cpu95-980302-02534.html
347,504,1997-06-01,Intel Corporation,Intel LT430TX motherboard (166MHz; NT),4.54,4.54,4.56,5.03,4.56,3.73,5.3,3.46,5.28,4.74,http://www.spec.org/cpu95/results/res98q1/cpu95-980302-02530.html
348,505,1997-06-01,Intel Corporation,Intel LT430TX motherboard (200MHz; MMX technology; NT),6.37,6.37,7.48,7.1,6.52,4.52,7.26,4.04,8.57,6.9,http://www.spec.org/cpu95/results/res98q1/cpu95-980302-02536.html
349,505,1997-06-01,Intel Corporation,Intel LT430TX motherboard (200MHz; NT),5.14,5.14,5.12,5.89,5.05,4.24,6.1,3.96,6.01,5.24,http://www.spec.org/cpu95/results/res98q1/cpu95-980302-02533.html
350,506,1997-06-01,Intel Corporation,Intel LT430TX motherboard (233MHz; MMX technology; NT),7.03,7.03,7.85,8.23,7.12,4.85,8.06,4.5,9.75,7.53,http://www.spec.org/cpu95/results/res98q1/cpu95-980302-02538.html
351,555,1998-07-01,Intel Corp.,Intel MS440GX Motherboard (400MHz; 1MB L2),16.5,16.5,16.4,15.7,16.2,14.3,16.5,15.7,18.2,19.7,http://www.spec.org/cpu95/results/res98q3/cpu95-980706-02864.html
352,555,1998-07-01,Intel Corp.,Intel MS440GX Motherboard (400MHz; 512KB L2),16.3,16.3,16.2,15.7,16.0,13.5,16.5,15.8,18.1,19.0,http://www.spec.org/cpu95/results/res98q3/cpu95-980706-02865.html
353,375,1998-04-01,Intel Corporation,Intel MU440EX motherboard (266MHz; Unixware 2.0),7.73,7.73,5.58,10.1,6.7,4.49,8.71,9.93,10.9,8.02,http://www.spec.org/cpu95/results/res98q2/cpu95-980429-02755.html
354,376,1998-08-01,Intel,Intel MU440EX motherboard (300MHz; Unixware 2.0),8.3,8.3,5.81,11.3,7.09,4.62,9.43,10.9,12.0,8.48,http://www.spec.org/cpu95/results/res98q3/cpu95-980831-03032.html
355,377,1998-08-01,Intel,Intel MU440EX motherboard (333MHz; Unixware 2.0),12.3,12.3,13.0,13.2,12.7,7.02,11.9,13.3,15.7,13.7,http://www.spec.org/cpu95/results/res98q3/cpu95-980831-03030.html
356,570,1999-11-01,Intel Corporation,Intel OR840 motherboard,32.4,32.8,33.0,35.0,30.8,21.0,40.5,29.5,35.5,38.4,http://www.spec.org/cpu95/results/res99q4/cpu95-19991025-03887.html
357,572,1999-11-01,Intel Corporation,Intel OR840 motherboard,35.3,35.7,36.4,38.5,33.5,22.3,44.5,32.2,39.1,41.4,http://www.spec.org/cpu95/results/res99q4/cpu95-19991025-03890.html
358,550,1997-05-01,Intel,Intel PD440FX (Portland) motherboard (233MHz),9.49,9.49,8.85,9.19,8.91,8.01,10.1,9.51,10.8,10.8,http://www.spec.org/cpu95/results/res97q2/cpu95-970507-01849.html
359,550,1997-07-01,Intel,Intel PD440FX (Portland) motherboard (233MHz; L2 w/ ECC),9.13,9.13,8.39,9.17,8.58,7.28,9.71,9.42,10.7,10.3,http://www.spec.org/cpu95/results/res97q2/cpu95-970507-01854.html
360,551,1997-05-01,Intel,Intel PD440FX (Portland) motherboard (266MHz),10.8,10.8,10.1,10.5,10.1,8.8,11.5,10.8,12.4,12.3,http://www.spec.org/cpu95/results/res97q2/cpu95-970507-01851.html
361,551,1997-07-01,Intel,Intel PD440FX (Portland) motherboard (266MHz; L2 w/ ECC),10.4,10.4,9.58,10.5,9.79,8.08,11.2,10.7,12.2,11.7,http://www.spec.org/cpu95/results/res97q2/cpu95-970507-01852.html
362,552,1997-08-01,Intel,Intel PD440FX (Portland) motherboard (300MHz; L2 w/ECC),11.6,11.6,10.8,11.8,10.9,9.06,12.4,11.9,13.7,12.9,http://www.spec.org/cpu95/results/res97q2/cpu95-970507-01856.html
363,550,1998-04-01,Intel Corporation,Intel SE440BX motherboard (233MHz),9.38,9.38,8.93,9.17,9.02,7.91,9.71,9.22,10.5,10.9,http://www.spec.org/cpu95/results/res98q2/cpu95-980421-02639.html
364,551,1998-04-01,Intel Corporation,Intel SE440BX motherboard (266MHz),10.7,10.7,10.2,10.5,10.3,8.97,11.1,10.5,12.0,12.3,http://www.spec.org/cpu95/results/res98q2/cpu95-980421-02640.html
365,552,1998-04-01,Intel Corporation,Intel SE440BX motherboard (300MHz),12.0,12.0,11.4,11.8,11.5,9.99,12.5,11.7,13.5,13.7,http://www.spec.org/cpu95/results/res98q2/cpu95-980421-02641.html
366,553,1998-04-01,Intel Corporation,Intel SE440BX motherboard (333MHz),13.0,13.0,12.6,13.1,12.6,10.4,13.5,12.8,14.9,14.8,http://www.spec.org/cpu95/results/res98q2/cpu95-980421-02642.html
367,554,1998-04-01,Intel Corporation,Intel SE440BX motherboard (350MHz),13.8,13.8,13.2,13.8,13.4,11.2,14.2,13.8,15.7,16.1,http://www.spec.org/cpu95/results/res98q2/cpu95-980421-02644.html
368,554,1998-04-01,Intel Corporation,Intel SE440BX motherboard (350MHz; L2 ECC),13.4,13.4,12.7,13.7,12.8,10.3,13.8,13.6,15.5,15.2,http://www.spec.org/cpu95/results/res98q2/cpu95-980421-02637.html
369,554,1998-04-01,Intel Corporation,Intel SE440BX motherboard (350MHz; Unixware 2.0),13.5,13.5,12.6,13.7,12.8,10.3,14.4,14.0,15.8,15.2,http://www.spec.org/cpu95/results/res98q2/cpu95-980429-02750.html
370,555,1998-04-01,Intel Corporation,Intel SE440BX motherboard (400MHz),15.8,15.8,15.1,15.7,15.3,12.7,16.2,15.7,17.9,18.2,http://www.spec.org/cpu95/results/res98q2/cpu95-980421-02643.html
371,555,1998-04-01,Intel Corporation,Intel SE440BX motherboard (400MHz; L2 ECC),15.3,15.2,14.5,15.7,14.6,11.7,15.8,15.5,17.7,17.2,http://www.spec.org/cpu95/results/res98q2/cpu95-980421-02638.html
372,555,1998-04-01,Intel Corporation,Intel SE440BX motherboard (400MHz; Unixware 2.0),15.4,15.4,14.4,15.7,14.5,11.8,16.4,15.9,18.1,17.1,http://www.spec.org/cpu95/results/res98q2/cpu95-980429-02753.html
373,556,1998-08-01,Intel,Intel SE440BX motherboard (450MHz),17.3,17.3,16.4,17.7,16.6,13.6,17.7,17.3,20.0,19.7,http://www.spec.org/cpu95/results/res98q3/cpu95-980831-03025.html
374,556,1998-08-01,Intel,Intel SE440BX motherboard (450MHz; Unixware 2.0),17.2,17.2,15.9,17.6,16.2,13.3,18.3,17.7,20.4,19.1,http://www.spec.org/cpu95/results/res98q3/cpu95-980831-03026.html
375,573,1999-12-01,Intel Corporation,Intel SE440BX-2 motherboard,35.3,35.7,37.1,39.3,33.2,21.3,45.3,31.7,39.9,40.8,http://www.spec.org/cpu95/results/res2000q1/cpu95-19991220-03961.html
376,574,1999-12-01,Intel Corporation,Intel SE440BX-2 motherboard,37.6,38.0,39.5,42.0,35.0,22.7,48.3,33.7,42.5,43.6,http://www.spec.org/cpu95/results/res2000q1/cpu95-19991220-03963.html
377,569,1999-11-01,Intel Corporation,Intel SE440BX2 Motherboard,31.3,31.7,32.4,34.1,29.5,20.1,39.4,28.0,34.6,37.0,http://www.spec.org/cpu95/results/res99q4/cpu95-19991025-03874.html
378,571,1999-11-01,Intel Corporation,Intel SE440BX2 Motherboard,33.5,33.7,35.0,36.7,31.5,21.1,42.4,30.0,37.3,39.3,http://www.spec.org/cpu95/results/res99q4/cpu95-19991025-03878.html
379,568,1999-05-01,Intel Corp.,Intel SE440BX2 Motherboard (600 MHz),24.1,24.1,24.1,25.1,22.0,17.4,28.5,23.1,27.7,26.6,http://www.spec.org/cpu95/results/res99q3/cpu95-19990913-03864.html
380,552,1998-04-01,Intel Corp.,Intel SE440BX2 Motherboard(300MHz; Pentium II processor),12.9,12.9,13.2,12.7,11.7,10.1,15.3,12.0,14.2,14.7,http://www.spec.org/cpu95/results/res99q1/cpu95-19990315-03460.html
381,553,1999-03-01,Intel Corp.,Intel SE440BX2 Motherboard(333MHz; Pentium II processor),14.0,14.0,14.4,14.1,12.8,10.5,16.4,13.2,15.6,15.9,http://www.spec.org/cpu95/results/res99q1/cpu95-19990315-03443.html
382,554,1999-03-01,Intel Corp.,Intel SE440BX2 Motherboard(350MHz; Pentium II processor),14.9,14.9,15.1,14.8,13.6,11.3,17.3,14.1,16.4,17.2,http://www.spec.org/cpu95/results/res99q1/cpu95-19990315-03457.html
383,555,1999-03-01,Intel Corp.,Intel SE440BX2 Motherboard(400MHz; Pentium II processor),16.9,16.9,17.2,16.9,15.5,12.8,19.7,16.0,18.8,19.5,http://www.spec.org/cpu95/results/res99q1/cpu95-19990315-03456.html
384,565,1999-03-01,Intel Corp.,Intel SE440BX2 Motherboard(450 MHz; Pentium III processor),18.7,18.7,19.0,19.0,17.0,13.9,21.8,17.8,20.9,21.1,http://www.spec.org/cpu95/results/res99q1/cpu95-19990315-03451.html
385,556,1999-03-01,Intel Corp.,Intel SE440BX2 Motherboard(450MHz; Pentium II processor),18.5,18.5,18.9,19.0,16.9,13.7,21.5,17.7,20.7,20.9,http://www.spec.org/cpu95/results/res99q1/cpu95-19990315-03449.html
386,566,1999-03-01,Intel Corp.,Intel SE440BX2 Motherboard(500 MHz; Pentium III processor),20.7,20.7,21.1,21.1,18.8,15.3,24.3,19.7,23.2,23.2,http://www.spec.org/cpu95/results/res99q1/cpu95-19990315-03453.html
387,567,1999-05-01,Intel Corp.,Intel SE440BX2 Motherboard(550 MHz; Pentium III processor),22.3,22.3,22.7,23.2,20.1,16.3,26.1,21.4,25.4,24.6,http://www.spec.org/cpu95/results/res99q3/cpu95-19990719-03756.html
388,557,2000-03-01,Intel Corporation,Intel VC820 motherboard,46.6,46.8,49.1,54.7,43.1,26.5,60.7,41.5,55.1,52.5,http://www.spec.org/cpu95/results/res2000q1/cpu95-20000313-04136.html
389,574,1999-12-01,Intel Corporation,Intel VC820 motherboard,38.0,38.4,40.0,42.0,35.7,23.0,48.4,34.3,42.6,43.9,http://www.spec.org/cpu95/results/res2000q1/cpu95-19991220-03965.html
390,570,1999-11-01,Intel Corporation,Intel VC820 motherboard,32.4,32.8,33.0,35.0,30.7,21.4,40.3,29.3,35.5,38.5,http://www.spec.org/cpu95/results/res2000q1/cpu95-19991220-03966.html
391,572,1999-11-01,Intel Corporation,Intel VC820 motherboard,35.2,35.7,35.5,38.5,33.1,22.6,44.4,31.9,39.1,41.7,http://www.spec.org/cpu95/results/res2000q1/cpu95-19991220-03969.html
392,501,1995-06-01,Intel,XXpress Deskside (1000\120; 1MB L2),3.72,3.72,4.17,3.8,3.67,3.33,4.17,2.62,4.39,3.99,http://www.spec.org/cpu95/results/res9512/p036.html
393,500,1995-06-01,Intel,XXpress Deskside (100MHz),3.33,3.33,3.89,3.29,3.49,2.94,3.69,2.25,4.0,3.5,http://www.spec.org/cpu95/results/res96q2/cpu95-960610-00863.html
394,502,1995-06-01,Intel,XXpress Deskside (1110\133; 1MB L2),4.14,4.14,4.65,4.22,4.09,3.72,4.62,2.9,4.88,4.46,http://www.spec.org/cpu95/results/res9512/p037.html
395,501,1995-06-01,Intel,XXpress Deskside (120MHz),3.77,3.77,4.19,3.87,3.83,3.26,4.28,2.61,4.62,3.9,http://www.spec.org/cpu95/results/res96q2/cpu95-960610-00867.html
396,502,1995-06-01,Intel,XXpress Deskside (133MHz),4.2,4.2,4.72,4.3,4.27,3.68,4.73,2.9,5.09,4.31,http://www.spec.org/cpu95/results/res96q2/cpu95-960610-00877.html
397,503,1996-01-01,Intel,XXpress Deskside (150MHz),4.35,4.35,4.59,4.68,4.29,3.77,5.05,3.09,5.42,4.34,http://www.spec.org/cpu95/results/res96q2/cpu95-960610-00874.html
398,504,1996-01-01,Intel,XXpress Deskside (166MHz),4.82,4.82,5.09,5.21,4.77,4.21,5.57,3.44,6.03,4.71,http://www.spec.org/cpu95/results/res96q2/cpu95-960610-00878.html
399,505,1996-06-01,Intel,XXpress Deskside (200MHz),5.47,5.47,5.57,6.1,5.3,4.81,6.39,3.91,6.91,5.33,http://www.spec.org/cpu95/results/res96q2/cpu95-960610-00882.html
400,500,1995-06-01,Intel,XXpress Deskside (815\100; 1MB L2),3.3,3.3,3.85,3.23,3.36,2.95,3.61,2.26,3.84,3.6,http://www.spec.org/cpu95/results/res9512/p035.html
401,587,1995-11-01,Intel,TDZ300 (150MHz),6.09,6.09,6.03,5.85,5.72,5.25,6.58,6.33,6.16,6.94,http://www.spec.org/cpu95/results/res9512/p038.html
402,589,1996-03-01,Intel,TDZ300 (180MHz),7.22,7.22,7.33,7.03,6.86,5.93,7.66,7.57,7.41,8.15,http://www.spec.org/cpu95/results/res9512/p039.html
403,590,1996-03-01,Intel,TDZ300 (200MHz),8.04,8.04,8.13,7.8,7.61,6.6,8.69,8.42,8.25,9.08,http://www.spec.org/cpu95/results/res9512/p040.html
404,180,1998-06-01,Digital NH,767 Personal Supercomputer,23.1,23.3,24.4,26.7,24.4,19.1,21.2,23.6,25.4,21.4,http://www.spec.org/cpu95/results/res98q3/cpu95-980701-02840.html
405,324,1995-11-01,Motorola; Urbana; Illinois,RISC PC 604,4.1,0.0,5.07,4.39,3.74,3.8,3.68,5.59,3.36,3.67,http://www.spec.org/cpu95/results/res96q1/cpu95-960205-00147.html
406,321,1995-11-01,Motorola; Urbana; Illinois,RISC PC 604,3.29,0.0,4.19,3.31,3.1,3.22,2.97,4.35,2.66,2.91,http://www.spec.org/cpu95/results/res96q1/cpu95-960205-00149.html
407,324,1995-11-01,Motorola; Urbana; Illinois,Series E 604,4.14,0.0,5.12,4.4,3.82,3.9,3.75,5.6,3.33,3.68,http://www.spec.org/cpu95/results/res96q1/cpu95-960205-00145.html
408,324,1995-11-01,Motorola; Urbana; Illinois,Series E 604,4.37,0.0,5.55,4.35,4.07,4.3,3.89,5.69,3.49,4.06,http://www.spec.org/cpu95/results/res96q1/cpu95-960205-00146.html
409,321,1995-11-01,Motorola; Urbana; Illinois,Series E 604,3.35,0.0,4.27,3.31,3.11,3.29,3.01,4.37,2.77,2.98,http://www.spec.org/cpu95/results/res96q1/cpu95-960205-00148.html
410,326,1996-12-01,Motorola; Urbana; Illinois,MVME2604-2161,8.21,9.34,10.1,7.11,7.6,7.81,7.05,9.83,8.93,7.78,http://www.spec.org/cpu95/results/res97q1/cpu95-970203-01634.html
411,326,1996-09-01,Motorola; Urbana; Illinois,PowerStackII Pro3000/200,7.18,8.0,9.74,6.7,7.29,6.62,6.15,8.69,6.58,6.35,http://www.spec.org/cpu95/results/res96q4/cpu95-960916-01324.html
412,711,1995-03-01,Pyramid San Jose; CA,Nile 150,4.23,4.3,4.64,3.91,4.16,4.4,4.42,4.12,5.0,3.36,http://www.spec.org/cpu95/results/res96q3/cpu95-960624-00969.html
413,705,1997-01-01,SNI; Paderborn / Germany,RM400 Model C90,10.7,10.7,11.1,9.81,10.7,11.1,10.7,9.97,11.7,10.9,http://www.spec.org/cpu95/results/res96q4/cpu95-961028-01408.html
414,705,1997-03-01,SNI; Paderborn / Germany,RM600 Models E20 and E60,10.3,10.3,11.0,9.76,10.5,10.4,10.6,9.21,11.6,9.72,http://www.spec.org/cpu95/results/res96q4/cpu95-961028-01426.html
415,710,1996-12-01,Pyramid San Jose; CA,Reliant RM1000,4.95,5.05,5.13,4.48,4.83,5.23,5.16,4.89,6.08,4.05,http://www.spec.org/cpu95/results/res96q3/cpu95-960624-00970.html
416,703,1996-06-01,SGI,Indigo-2,8.5,8.88,9.31,8.82,7.92,8.64,7.45,8.02,10.2,7.92,http://www.spec.org/cpu95/results/res96q4/cpu95-960913-01320.html
417,722,1996-03-01,SGI,Indy R5000,4.1,4.32,3.74,4.94,3.76,3.02,4.55,4.22,5.49,3.62,http://www.spec.org/cpu95/results/res96q4/cpu95-960913-01321.html
418,721,1996-03-01,SGI,Indy R5000,3.67,3.82,3.44,4.14,3.51,2.76,4.05,3.63,4.85,3.33,http://www.spec.org/cpu95/results/res96q4/cpu95-960913-01322.html
419,721,1996-03-01,SGI,Indy R5000,2.89,3.07,2.28,4.03,2.52,2.08,3.44,3.38,3.61,2.41,http://www.spec.org/cpu95/results/res96q4/cpu95-960913-01323.html
420,704,1998-02-01,SGI,O2 R10000,9.66,10.1,10.3,9.15,8.49,10.6,9.34,9.04,13.0,8.17,http://www.spec.org/cpu95/results/res98q1/cpu95-980206-02411.html
421,706,1998-06-01,SGI,O2 R10k/250,11.8,12.4,12.8,11.3,10.3,12.1,11.8,11.2,15.7,9.8,http://www.spec.org/cpu95/results/res98q3/cpu95-980701-02839.html
422,722,1996-10-01,SGI,O2 R5000PC,3.62,3.7,2.94,4.94,3.16,2.36,4.22,4.2,5.3,2.89,http://www.spec.org/cpu95/results/res96q4/cpu95-961206-01549.html
423,722,1996-10-01,SGI,O2 R5000SC,4.76,4.82,4.81,5.19,4.66,3.5,4.97,4.59,6.6,4.29,http://www.spec.org/cpu95/results/res96q4/cpu95-961206-01551.html
424,706,1998-03-01,SGI,Octane,13.0,13.6,13.3,11.8,12.0,13.9,11.8,12.0,16.4,13.7,http://www.spec.org/cpu95/results/res98q1/cpu95-980206-02410.html
425,703,1996-11-01,SGI,Octane,10.5,11.0,10.6,9.36,9.69,11.3,9.47,9.66,13.0,11.2,http://www.spec.org/cpu95/results/res98q1/cpu95-971216-02315.html
426,702,1996-11-01,SGI,Origin200,9.86,10.3,9.79,8.56,8.87,10.4,8.68,8.86,12.2,12.4,http://www.spec.org/cpu95/results/res98q1/cpu95-971216-02312.html
427,706,1998-03-01,SGI,Origin2000,14.1,14.7,14.3,11.8,13.0,14.9,12.2,12.3,16.7,19.6,http://www.spec.org/cpu95/results/res98q1/cpu95-980227-02509.html
428,742,1999-03-01,SGI,Origin200: 1X 270MHz R12k,14.9,15.8,14.1,14.0,13.5,15.2,12.8,13.5,17.6,20.1,http://www.spec.org/cpu95/results/res99q2/cpu95-19990329-03504.html
429,706,1999-08-01,SGI,Origin2100: 250MHz R10k,15.1,15.3,14.6,14.1,15.2,15.4,11.6,12.5,17.2,22.5,http://www.spec.org/cpu95/results/res99q3/cpu95-19990803-03765.html
430,746,2000-06-01,SGI,SGI 2200: 2X 400MHz R12k,23.8,24.2,22.1,23.1,23.5,23.1,18.1,21.0,27.4,35.2,http://www.spec.org/cpu95/results/res2000q2/cpu95-20000509-04235.html
431,556,1998-11-01,Siemens; Germany,CELSIUS 2000,18.9,18.9,18.8,18.0,18.1,17.0,19.8,17.7,20.6,21.6,http://www.spec.org/cpu95/results/res99q1/cpu95-19990118-03257.html
432,566,1999-03-01,Siemens / Germany,CELSIUS 420,21.3,21.3,21.2,23.0,18.9,17.4,24.3,19.8,23.2,23.4,http://www.spec.org/cpu95/results/res99q2/cpu95-19990412-03520.html
433,567,1999-05-01,Siemens / Germany,CELSIUS 630,24.3,24.3,24.7,25.4,22.0,20.6,27.8,21.9,26.0,27.4,http://www.spec.org/cpu95/results/res99q2/cpu95-19990412-03522.html
434,566,1999-04-01,Siemens / Germany,Primergy 170,21.2,21.2,21.2,23.0,18.9,17.5,24.1,19.8,23.2,23.3,http://www.spec.org/cpu95/results/res99q2/cpu95-19990326-03462.html
435,566,1999-04-01,Siemens / Germany,Primergy 670-40,22.5,22.5,22.6,23.0,20.6,19.0,25.4,19.9,23.8,26.7,http://www.spec.org/cpu95/results/res99q2/cpu95-19990506-03582.html
436,566,1999-04-01,Siemens / Germany,Primergy 670/20,21.2,21.2,21.1,22.9,18.8,17.4,24.2,19.7,23.1,23.2,http://www.spec.org/cpu95/results/res99q2/cpu95-19990326-03463.html
437,556,1999-01-01,Siemens; Paderborn,Primergy 670/20,17.5,17.5,16.1,17.9,16.3,14.8,18.5,17.4,20.0,19.3,http://www.spec.org/cpu95/results/res98q4/cpu95-981207-03212.html
438,566,1999-04-01,Siemens / Germany,Primergy 870,22.5,22.5,22.7,23.0,20.4,19.2,25.5,19.7,23.8,26.6,http://www.spec.org/cpu95/results/res99q2/cpu95-19990506-03583.html
439,556,1999-01-01,Siemens; Germany,Primergy 870,19.0,19.0,18.8,18.1,18.4,17.1,19.9,17.6,20.6,21.9,http://www.spec.org/cpu95/results/res98q4/cpu95-981123-03197.html
440,555,1998-07-01,SNI; Munich / Germany,CELSIUS 2000,16.6,16.6,16.0,16.0,15.9,14.8,17.4,15.7,18.3,19.1,http://www.spec.org/cpu95/results/res98q3/cpu95-980707-02877.html
441,502,1995-10-01,SNI; Augsburg / Germany,PCE-5Smp,4.04,4.04,4.66,4.22,4.09,3.04,4.64,2.87,4.88,4.51,http://www.spec.org/cpu95/results/res96q2/cpu95-960429-00732.html
442,502,1996-03-01,SNI; Augsburg / Germany,PRIMERGY-550,3.69,3.69,3.81,4.11,3.33,3.4,4.14,2.8,4.53,3.67,http://www.spec.org/cpu95/results/res96q2/cpu95-960429-00742.html
443,554,1998-07-01,SNI; Paderborn / Germany,Primergy 070,13.7,13.7,12.7,13.9,13.1,11.4,14.5,13.7,15.7,15.2,http://www.spec.org/cpu95/results/res98q3/cpu95-980706-02850.html
444,555,1998-07-01,SNI; Paderborn / Germany,Primergy 070,15.6,15.6,14.6,15.9,14.8,13.0,16.6,15.6,17.9,17.3,http://www.spec.org/cpu95/results/res98q3/cpu95-980706-02852.html
445,551,1997-12-01,SNI; Paderborn / Germany,Primergy 460,10.5,10.5,9.73,10.6,9.89,9.15,11.3,10.3,12.0,11.5,http://www.spec.org/cpu95/results/res97q4/cpu95-971124-02270.html
446,552,1997-12-01,SNI; Paderborn / Germany,Primergy 460,11.8,11.8,10.9,12.0,11.0,10.2,12.8,11.5,13.5,12.8,http://www.spec.org/cpu95/results/res97q4/cpu95-971124-02274.html
447,555,1998-07-01,SNI; Paderborn,Primergy 470,15.5,15.5,14.5,15.9,14.7,12.9,16.5,15.5,17.8,17.1,http://www.spec.org/cpu95/results/res98q3/cpu95-980714-02889.html
448,554,1998-07-01,SNI; Paderborn,Primergy 470,13.6,13.6,12.7,13.9,13.0,11.3,14.4,13.6,15.6,15.0,http://www.spec.org/cpu95/results/res98q3/cpu95-980714-02891.html
449,555,1998-09-01,SNI; Paderborn/Germany,Primergy 870,16.7,16.7,16.4,16.1,16.1,15.0,17.5,15.6,18.3,19.4,http://www.spec.org/cpu95/results/res98q3/cpu95-980706-02845.html
450,718,1995-02-01,SNI; Paderborn / Germany,RM200 Model 225,2.31,2.41,2.21,2.12,1.93,2.2,2.84,2.78,2.46,2.12,http://www.spec.org/cpu95/results/res9509/p037.html
451,722,1997-03-01,SNI; Paderborn / Germany,RM200 Model C40,4.9,4.94,4.9,4.61,5.06,4.15,5.27,4.36,6.47,4.72,http://www.spec.org/cpu95/results/res97q1/cpu95-970203-01622.html
452,718,1996-02-01,SNI; Paderborn / Germany,RM200 and RM300 Model C20,2.53,2.64,2.49,2.24,2.16,2.44,2.96,2.85,2.99,2.28,http://www.spec.org/cpu95/results/res9512/p042.html
453,722,1996-09-01,SNI; Paderborn / Germany,RM300 Model C40,4.89,4.97,5.0,4.53,5.09,3.95,5.08,4.4,6.76,4.72,http://www.spec.org/cpu95/results/res97q1/cpu95-970203-01633.html
454,723,1997-04-01,SNI; Paderborn / Germany,RM300 Model C50,5.74,5.78,5.86,5.13,6.01,5.5,6.11,4.91,7.27,5.45,http://www.spec.org/cpu95/results/res97q1/cpu95-970203-01620.html
455,711,1996-02-01,SNI; Paderborn / Germany,RM300 Model C60,3.41,3.55,3.92,2.84,3.5,3.14,3.61,3.64,3.52,3.21,http://www.spec.org/cpu95/results/res9512/p043.html
456,702,1997-04-01,SNI; Paderborn / Germany,RM300 Model C80,8.83,9.02,9.41,8.62,8.64,8.72,9.01,8.32,9.63,8.38,http://www.spec.org/cpu95/results/res97q1/cpu95-970203-01619.html
457,722,1998-02-01,SNI; Paderborn / Germany,RM300 Model E10,4.91,5.23,4.48,4.7,5.05,4.99,5.33,4.48,6.44,4.11,http://www.spec.org/cpu95/results/res98q1/cpu95-980210-02418.html
458,724,1998-02-01,SNI; Paderborn / Germany,RM300 Model E20,6.63,7.08,6.0,6.53,6.99,6.28,7.12,6.09,8.71,5.77,http://www.spec.org/cpu95/results/res98q1/cpu95-980202-02403.html
459,705,1998-03-01,SNI; Paderborn / Germany,RM300 Model E50,10.2,10.9,10.2,10.4,9.93,11.4,10.1,9.64,11.0,8.84,http://www.spec.org/cpu95/results/res98q1/cpu95-980202-02402.html
460,706,1998-08-01,SNI; Paderborn / Germany,RM300 Model E60,13.3,14.2,13.5,13.1,13.3,15.2,12.9,12.6,14.2,12.2,http://www.spec.org/cpu95/results/res98q2/cpu95-980428-02726.html
461,722,1996-09-01,SNI; Paderborn / Germany,RM300-C40,4.7,4.75,4.99,4.61,4.78,4.63,4.52,4.31,6.21,3.89,http://www.spec.org/cpu95/results/res96q3/cpu95-960801-01126.html
462,711,1995-02-01,SNI; Paderborn / Germany,RM400 Model 630,3.79,3.95,4.73,3.05,3.82,4.5,3.57,3.75,3.86,3.29,http://www.spec.org/cpu95/results/res9509/p038.html
463,711,1996-02-01,SNI; Paderborn / Germany,RM400 Model C70,4.24,4.34,4.68,4.01,4.07,4.86,4.0,3.97,4.84,3.62,http://www.spec.org/cpu95/results/res9512/p044.html
464,711,1996-02-01,SNI; Paderborn / Germany,RM400 Model C70,3.72,3.92,4.63,2.98,3.78,3.96,3.84,3.63,3.74,3.42,http://www.spec.org/cpu95/results/res96q4/cpu95-960913-01315.html
465,702,1997-04-01,SNI; Paderborn / Germany,RM400 Model C80,9.47,9.63,9.71,8.84,9.47,9.78,9.51,8.93,10.1,9.5,http://www.spec.org/cpu95/results/res97q1/cpu95-970203-01618.html
466,705,1997-01-01,SNI; Paderborn / Germany,RM400 Model C90,10.7,10.7,11.1,9.81,10.7,11.1,10.7,9.97,11.7,10.9,http://www.spec.org/cpu95/results/res96q4/cpu95-961028-01409.html
467,706,1998-05-01,SNI; Paderborn / Germany,RM400 Model C95,13.6,14.6,13.7,13.3,13.9,15.5,13.1,12.9,14.3,12.6,http://www.spec.org/cpu95/results/res98q1/cpu95-980215-02446.html
468,712,1996-03-01,SNI; Paderborn / Germany,RM600 Model 420,4.26,4.39,5.79,3.65,4.28,4.16,4.76,4.14,4.6,3.19,http://www.spec.org/cpu95/results/res9512/p045.html
469,706,1998-04-01,SNI; Paderborn / Germany,RM600 Model E60,13.7,14.7,13.6,13.3,13.7,15.5,13.1,13.1,14.4,12.9,http://www.spec.org/cpu95/results/res97q4/cpu95-971108-02239.html
470,705,1997-03-01,SNI; Paderborn / Germany,RM600 Models E20 and E60,10.3,10.3,11.0,9.76,10.5,10.4,10.6,9.21,11.6,9.72,http://www.spec.org/cpu95/results/res96q4/cpu95-961028-01427.html
471,712,1996-02-01,SNI; Paderborn / Germany,RM600-420,4.91,5.07,5.38,4.88,4.89,5.13,5.09,4.3,5.84,4.02,http://www.spec.org/cpu95/results/res96q3/cpu95-960624-00962.html
472,710,1996-12-01,Pyramid San Jose; CA,Reliant RM1000,4.95,5.05,5.13,4.48,4.83,5.23,5.16,4.89,6.08,4.05,http://www.spec.org/cpu95/results/res96q3/cpu95-960624-00971.html
473,553,1998-02-01,SNI; Munich / Germany,SCENIC Celsius 1000,13.0,13.0,12.2,13.3,11.9,10.8,13.9,12.9,15.1,14.3,http://www.spec.org/cpu95/results/res98q1/cpu95-980202-02375.html
474,552,1997-10-01,SNI; Munich / Germany,SCENIC Celsius 1000,11.9,11.9,11.0,12.0,10.8,10.3,12.8,11.8,13.5,13.2,http://www.spec.org/cpu95/results/res97q3/cpu95-970915-02126.html
475,722,1997-03-01,SNI; Paderborn / Germany,RM200 Model C40,4.9,4.94,4.9,4.61,5.06,4.15,5.27,4.36,6.47,4.72,http://www.spec.org/cpu95/results/res97q1/cpu95-970303-01701.html
476,723,1997-04-01,SNI; Paderborn / Germany,RM300 Model C50,5.74,5.78,5.86,5.13,6.01,5.5,6.11,4.91,7.27,5.45,http://www.spec.org/cpu95/results/res97q1/cpu95-970303-01694.html
477,702,1997-04-01,SNI; Paderborn / Germany,RM300 Model C80,8.83,9.02,9.41,8.62,8.64,8.72,9.01,8.32,9.63,8.38,http://www.spec.org/cpu95/results/res97q1/cpu95-970303-01695.html
478,702,1997-04-01,SNI; Paderborn / Germany,RM400 Model C80,9.47,9.63,9.71,8.84,9.47,9.78,9.51,8.93,10.1,9.5,http://www.spec.org/cpu95/results/res97q1/cpu95-970303-01696.html
479,760,1997-04-01,Sun; Mountain View,Enterprise Server Model 3002/1,8.96,10.4,10.2,8.95,9.51,10.1,7.35,8.91,8.11,8.94,http://www.spec.org/cpu95/results/res97q2/cpu95-970409-01744.html
480,740,1995-12-01,Sun; Mountain View,SPARCstation 20 Model 151,3.77,4.02,5.36,3.28,3.74,4.04,4.18,4.03,3.0,3.04,http://www.spec.org/cpu95/results/res96q1/cpu95-960228-00485.html
481,753,1995-01-01,Sun MountainView;CA,SPARCstation 20 Model 71,2.46,0.0,3.57,2.02,2.58,2.5,2.04,2.32,2.78,2.18,http://www.spec.org/cpu95/results/res9509/p039.html
482,231,1997-01-01,Sun; Mountain View,SPARCstation 5 Model 170,3.41,3.53,4.19,3.41,3.65,3.67,3.0,3.93,3.12,2.6,http://www.spec.org/cpu95/results/res97q2/cpu95-970429-01834.html
483,750,1993-04-01,Sun; Mountain View,SPARCstation/server 10 Model 40,1.06,1.13,1.13,1.01,1.01,1.15,1.22,1.16,0.723,1.15,http://www.spec.org/cpu95/results/res96q1/cpu95-960228-00490.html
484,753,1995-02-01,Sun; Mountain View,SPARCstation/server 20 Model 71,2.82,3.11,4.5,2.41,2.73,3.08,3.05,3.2,1.6,2.83,http://www.spec.org/cpu95/results/res96q1/cpu95-960228-00487.html
485,201,1995-05-01,Sun; Mountain View,SPARCstation/server 4/110 & 5/110,1.37,1.59,1.9,1.18,1.32,1.69,1.43,1.83,0.601,1.6,http://www.spec.org/cpu95/results/res96q1/cpu95-960228-00489.html
486,765,1999-03-01,Sun; Palo Alto,Sun Enterprise 250,13.5,16.8,14.8,12.9,15.2,16.0,11.4,14.1,11.4,12.9,http://www.spec.org/cpu95/results/res99q1/cpu95-19990226-03435.html
487,761,1998-07-01,Sun; Palo Alto,Sun Enterprise 250,10.1,12.8,10.0,9.44,11.6,12.2,8.52,10.4,8.95,9.79,http://www.spec.org/cpu95/results/res98q4/cpu95-981007-03100.html
488,765,1998-12-01,Sun; Palo Alto,Sun Enterprise 3500,14.3,17.7,16.2,13.0,15.8,16.8,11.8,14.6,13.8,13.6,http://www.spec.org/cpu95/results/res99q1/cpu95-19990122-03268.html
489,765,1999-05-01,Sun; Palo Alto,Sun Enterprise 3500/4500,14.9,18.3,16.9,13.5,16.4,17.2,12.3,15.4,14.3,14.3,http://www.spec.org/cpu95/results/res99q2/cpu95-19990511-03615.html
490,765,1998-11-01,Sun; Palo Alto,Sun Enterprise 450,14.0,17.4,15.5,12.9,16.0,15.9,11.7,14.4,12.2,13.8,http://www.spec.org/cpu95/results/res98q4/cpu95-981109-03155.html
491,755,1996-11-01,Sun; Mountain View,Sun Ultra 1 Creator Model 140E,5.06,5.87,5.64,4.38,5.4,5.95,4.22,5.11,5.02,4.97,http://www.spec.org/cpu95/results/res96q4/cpu95-961108-01465.html
492,757,1996-07-01,Sun; Mountain View,Sun Ultra 1 Creator Model 200E,6.62,7.44,7.77,5.57,7.21,8.2,5.83,6.8,5.69,6.37,http://www.spec.org/cpu95/results/res96q3/cpu95-960822-01175.html
493,755,1995-11-01,Sun; Mountain View,Sun Ultra 1 Model 140,4.81,5.41,5.48,4.2,5.35,5.95,4.19,5.01,4.11,4.5,http://www.spec.org/cpu95/results/res96q2/cpu95-960606-00851.html
494,755,1995-11-01,Sun; Mountain View,Sun Ultra 1 Model 140,4.52,4.66,5.3,3.9,4.59,5.99,4.4,4.64,3.23,4.67,http://www.spec.org/cpu95/results/res96q1/cpu95-960228-00492.html
495,756,1995-11-01,Sun; Mountain View,Sun Ultra 1 Model 170,5.58,6.26,6.54,4.93,6.1,6.96,4.85,5.81,4.58,5.34,http://www.spec.org/cpu95/results/res96q2/cpu95-960606-00850.html
496,756,1995-11-01,Sun; Mountain View,Sun Ultra 1 Model 170,5.26,5.56,6.25,4.48,5.39,7.05,5.15,5.4,3.72,5.35,http://www.spec.org/cpu95/results/res96q1/cpu95-960228-00494.html
497,758,1997-07-01,Sun; Mountain View,Sun Ultra 2 Model 30,8.62,10.0,9.83,8.85,9.12,9.66,7.32,8.13,8.16,8.22,http://www.spec.org/cpu95/results/res97q3/cpu95-970721-01989.html
498,759,1997-07-01,Sun; Mountain View,Sun Ultra 2 Model 30,10.2,12.1,11.8,10.7,11.2,11.5,8.5,9.7,8.63,9.86,http://www.spec.org/cpu95/results/res97q3/cpu95-970721-01999.html
499,771,1998-03-01,Sun; Palo Alto,Sun Ultra AXi,11.3,14.0,12.6,11.5,11.6,12.5,9.24,11.8,11.1,10.7,http://www.spec.org/cpu95/results/res98q2/cpu95-980428-02732.html
500,759,1997-08-01,Sun; Mountain View,Sun Ultra Enterprise 450,10.4,12.1,12.1,10.6,11.3,11.6,8.6,9.87,10.1,9.66,http://www.spec.org/cpu95/results/res97q3/cpu95-970819-02045.html
501,770,1998-01-01,Sun; Palo Alto,Ultra 10 300MHz,9.57,12.1,10.5,10.1,9.38,11.3,8.38,10.5,8.08,8.81,http://www.spec.org/cpu95/results/res98q1/cpu95-980128-02369.html
502,771,1998-06-01,Sun; Palo Alto,Ultra 10 333MHz,11.3,14.1,12.4,11.4,11.6,12.4,9.28,11.6,11.1,10.7,http://www.spec.org/cpu95/results/res98q3/cpu95-980718-02906.html
503,771,1998-11-01,Sun; Palo Alto,Ultra 10 Model 333,11.0,14.1,12.2,11.5,11.4,13.1,8.98,11.6,10.0,9.66,http://www.spec.org/cpu95/results/res98q4/cpu95-981118-03193.html
504,772,1998-11-01,Sun; Palo Alto,Ultra 10 Model 360,11.9,15.2,13.1,11.3,12.4,14.2,9.89,12.6,10.9,11.2,http://www.spec.org/cpu95/results/res98q4/cpu95-981118-03191.html
505,774,1999-05-01,Sun; Palo Alto,Ultra 10 Model 440,15.0,18.1,15.9,14.2,16.0,17.3,12.7,15.8,14.6,13.7,http://www.spec.org/cpu95/results/res99q2/cpu95-19990514-03652.html
506,762,1997-04-01,Sun; Mountain View,Ultra 2 Creator (3D) Model 1300,10.4,12.1,11.2,10.7,11.0,11.8,8.89,10.6,9.22,10.0,http://www.spec.org/cpu95/results/res97q2/cpu95-970430-01842.html
507,765,1999-05-01,Sun; Palo Alto,Ultra 2 Model 1400,13.9,17.2,15.6,13.4,15.7,16.6,11.6,14.5,13.0,11.5,http://www.spec.org/cpu95/results/res99q2/cpu95-19990514-03641.html
508,756,1996-05-01,Sun; Mountain View,Ultra 2 Series 1170,5.5,6.34,6.14,4.87,6.14,6.69,4.77,5.66,4.83,5.25,http://www.spec.org/cpu95/results/res96q2/cpu95-960416-00707.html
509,757,1996-06-01,Sun; Mountain View,Ultra 2 Series 1200,6.9,7.72,8.24,5.89,7.76,8.44,5.89,6.95,5.92,6.71,http://www.spec.org/cpu95/results/res96q2/cpu95-960416-00709.html
510,761,1998-07-01,Sun; Palo Alto,Ultra 450,10.4,13.0,11.5,10.1,11.2,11.4,8.53,10.5,10.2,10.1,http://www.spec.org/cpu95/results/res98q3/cpu95-980718-02911.html
511,769,1998-01-01,Sun; Palo Alto,Ultra 5 270MHz,7.46,9.16,6.91,8.78,7.45,6.89,6.64,9.15,7.43,6.86,http://www.spec.org/cpu95/results/res98q1/cpu95-980127-02356.html
512,769,1998-11-01,Sun; Palo Alto,Ultra 5 Model 270,7.5,9.17,7.95,9.05,7.07,7.5,6.77,9.07,7.03,6.06,http://www.spec.org/cpu95/results/res98q4/cpu95-981118-03189.html
513,771,1998-11-01,Sun; Palo Alto,Ultra 5 Model 333,11.0,14.1,12.2,11.5,11.4,13.1,8.98,11.6,10.0,9.66,http://www.spec.org/cpu95/results/res98q4/cpu95-981118-03188.html
514,772,1999-05-01,Sun; Palo Alto,Ultra 5 Model 360,10.2,12.1,11.0,10.5,9.9,9.43,9.59,11.2,10.6,9.33,http://www.spec.org/cpu95/results/res99q2/cpu95-19990514-03649.html
515,773,2000-03-01,Sun; Palo Alto,Ultra 5 Model 400,13.8,16.5,15.3,14.2,14.9,15.7,11.7,14.5,12.7,12.1,http://www.spec.org/cpu95/results/res2000q2/cpu95-20000317-04139.html
516,761,1998-03-01,Sun; Palo Alto,Ultra 60 296MHz,10.5,13.2,12.0,10.2,11.2,11.6,8.67,10.7,9.95,9.69,http://www.spec.org/cpu95/results/res98q1/cpu95-980127-02362.html
517,764,1998-05-01,Sun; Palo Alto,Ultra 60 Model 1360,12.8,16.1,14.4,12.7,13.8,14.0,10.4,13.0,12.3,12.5,http://www.spec.org/cpu95/results/res98q2/cpu95-980511-02760.html
518,766,1999-05-01,Sun; Palo Alto,Ultra 60 Model 1450,16.2,19.7,18.0,15.1,18.2,18.6,13.1,16.6,15.6,15.4,http://www.spec.org/cpu95/results/res99q2/cpu95-19990514-03646.html
519,766,1999-11-01,Sun; Palo Alto,Ultra 80 Model 1450,16.2,19.7,18.2,15.0,18.3,18.5,13.3,16.6,15.4,15.2,http://www.spec.org/cpu95/results/res99q4/cpu95-19991111-03927.html
520,760,1997-01-01,Sun; Mountain View,Ultra Enterprise 4001/1,8.77,9.74,9.38,9.02,9.16,9.57,7.4,8.81,8.83,8.18,http://www.spec.org/cpu95/results/res97q1/cpu95-961220-01560.html
521,756,1996-08-01,Sun; Mountain View,Ultra Enterprise Model 3000/1,5.63,6.6,6.18,4.81,6.37,6.31,4.82,5.87,5.39,5.52,http://www.spec.org/cpu95/results/res96q3/cpu95-960718-01078.html
522,763,1998-03-01,Sun; Menlo Park,Sun Enterprise 3000,12.1,14.9,13.8,12.0,12.6,13.2,9.91,12.3,11.9,11.4,http://www.spec.org/cpu95/results/res98q1/cpu95-980223-02459.html
523,711,1996-03-01,Tandem Austin;TX,S4101,3.17,3.27,4.37,2.82,3.22,3.15,3.54,3.23,3.1,2.29,http://www.spec.org/cpu95/results/res97q3/cpu95-970715-01977.html
524,588,1997-01-01,UNISYS,ClearPath SMP6400  1-CPU(166MHz),7.15,7.15,6.9,6.46,6.65,7.18,7.47,7.02,7.04,8.71,http://www.spec.org/cpu95/results/res97q1/cpu95-970206-01654.html
525,590,1997-01-01,UNISYS,ClearPath SMP6400  1-CPU(200MHZ),8.59,8.59,8.25,7.76,7.99,8.84,8.98,8.36,8.44,10.3,http://www.spec.org/cpu95/results/res97q1/cpu95-970206-01655.html
